"REF_DATE","GEO","DGUID","Commodity","Destinations","UOM","UOM_ID","SCALAR_FACTOR","SCALAR_ID","VECTOR","COORDINATE","VALUE","STATUS","SYMBOL","TERMINATED","DECIMALS"
"2016-01","Canada","2016A000011124","Wheat, excluding durum","Total exports, all destinations","Tonnes","288","units ","0","v124689","1.1.1","1059666","","","","0"
"2016-02","Canada","2016A000011124","Wheat, excluding durum","Total exports, all destinations","Tonnes","288","units ","0","v124689","1.1.1","1273423","","","","0"
"2016-03","Canada","2016A000011124","Wheat, excluding durum","Total exports, all destinations","Tonnes","288","units ","0","v124689","1.1.1","1306096","","","","0"
"2016-04","Canada","2016A000011124","Wheat, excluding durum","Total exports, all destinations","Tonnes","288","units ","0","v124689","1.1.1","1496441","","","","0"
"2016-05","Canada","2016A000011124","Wheat, excluding durum","Total exports, all destinations","Tonnes","288","units ","0","v124689","1.1.1","1419982","","","","0"
"2016-06","Canada","2016A000011124","Wheat, excluding durum","Total exports, all destinations","Tonnes","288","units ","0","v124689","1.1.1","1347753","","","","0"
"2016-07","Canada","2016A000011124","Wheat, excluding durum","Total exports, all destinations","Tonnes","288","units ","0","v124689","1.1.1","1376641","","","","0"
"2016-08","Canada","2016A000011124","Wheat, excluding durum","Total exports, all destinations","Tonnes","288","units ","0","v124689","1.1.1","1299233","","","","0"
"2016-09","Canada","2016A000011124","Wheat, excluding durum","Total exports, all destinations","Tonnes","288","units ","0","v124689","1.1.1","1127465","","","","0"
"2016-10","Canada","2016A000011124","Wheat, excluding durum","Total exports, all destinations","Tonnes","288","units ","0","v124689","1.1.1","1434206","","","","0"
"2016-11","Canada","2016A000011124","Wheat, excluding durum","Total exports, all destinations","Tonnes","288","units ","0","v124689","1.1.1","1338563","","","","0"
"2016-12","Canada","2016A000011124","Wheat, excluding durum","Total exports, all destinations","Tonnes","288","units ","0","v124689","1.1.1","890286","","","","0"
"2017-01","Canada","2016A000011124","Wheat, excluding durum","Total exports, all destinations","Tonnes","288","units ","0","v124689","1.1.1","1004848","","","","0"
"2017-02","Canada","2016A000011124","Wheat, excluding durum","Total exports, all destinations","Tonnes","288","units ","0","v124689","1.1.1","939046","","","","0"
"2017-03","Canada","2016A000011124","Wheat, excluding durum","Total exports, all destinations","Tonnes","288","units ","0","v124689","1.1.1","1316813","","","","0"
"2017-04","Canada","2016A000011124","Wheat, excluding durum","Total exports, all destinations","Tonnes","288","units ","0","v124689","1.1.1","1372506","","","","0"
"2017-05","Canada","2016A000011124","Wheat, excluding durum","Total exports, all destinations","Tonnes","288","units ","0","v124689","1.1.1","1680576","","","","0"
"2017-06","Canada","2016A000011124","Wheat, excluding durum","Total exports, all destinations","Tonnes","288","units ","0","v124689","1.1.1","1451637","","","","0"
"2017-07","Canada","2016A000011124","Wheat, excluding durum","Total exports, all destinations","Tonnes","288","units ","0","v124689","1.1.1","1466059","","","","0"
"2017-08","Canada","2016A000011124","Wheat, excluding durum","Total exports, all destinations","Tonnes","288","units ","0","v124689","1.1.1","1584488","","","","0"
"2017-09","Canada","2016A000011124","Wheat, excluding durum","Total exports, all destinations","Tonnes","288","units ","0","v124689","1.1.1","1325509","","","","0"
"2017-10","Canada","2016A000011124","Wheat, excluding durum","Total exports, all destinations","Tonnes","288","units ","0","v124689","1.1.1","1365946","","","","0"
"2017-11","Canada","2016A000011124","Wheat, excluding durum","Total exports, all destinations","Tonnes","288","units ","0","v124689","1.1.1","1502820","","","","0"
"2017-12","Canada","2016A000011124","Wheat, excluding durum","Total exports, all destinations","Tonnes","288","units ","0","v124689","1.1.1","1231941","","","","0"
"2018-01","Canada","2016A000011124","Wheat, excluding durum","Total exports, all destinations","Tonnes","288","units ","0","v124689","1.1.1","1740930","","","","0"
"2018-02","Canada","2016A000011124","Wheat, excluding durum","Total exports, all destinations","Tonnes","288","units ","0","v124689","1.1.1","941688","","","","0"
"2018-03","Canada","2016A000011124","Wheat, excluding durum","Total exports, all destinations","Tonnes","288","units ","0","v124689","1.1.1","1563293","","","","0"
"2018-04","Canada","2016A000011124","Wheat, excluding durum","Total exports, all destinations","Tonnes","288","units ","0","v124689","1.1.1","1518089","","","","0"
"2018-05","Canada","2016A000011124","Wheat, excluding durum","Total exports, all destinations","Tonnes","288","units ","0","v124689","1.1.1","1884929","","","","0"
"2018-06","Canada","2016A000011124","Wheat, excluding durum","Total exports, all destinations","Tonnes","288","units ","0","v124689","1.1.1","1284906","","","","0"
"2018-07","Canada","2016A000011124","Wheat, excluding durum","Total exports, all destinations","Tonnes","288","units ","0","v124689","1.1.1","1245051","","","","0"
"2018-08","Canada","2016A000011124","Wheat, excluding durum","Total exports, all destinations","Tonnes","288","units ","0","v124689","1.1.1","1579033","","","","0"
"2018-09","Canada","2016A000011124","Wheat, excluding durum","Total exports, all destinations","Tonnes","288","units ","0","v124689","1.1.1","1681529","","","","0"
"2018-10","Canada","2016A000011124","Wheat, excluding durum","Total exports, all destinations","Tonnes","288","units ","0","v124689","1.1.1","1723178","","","","0"
"2018-11","Canada","2016A000011124","Wheat, excluding durum","Total exports, all destinations","Tonnes","288","units ","0","v124689","1.1.1","1756611","","","","0"
"2018-12","Canada","2016A000011124","Wheat, excluding durum","Total exports, all destinations","Tonnes","288","units ","0","v124689","1.1.1","1669239","","","","0"
"2016-01","Canada","2016A000011124","Durum wheat","Total exports, all destinations","Tonnes","288","units ","0","v124842","1.2.1","516362","","","","0"
"2016-02","Canada","2016A000011124","Durum wheat","Total exports, all destinations","Tonnes","288","units ","0","v124842","1.2.1","552018","","","","0"
"2016-03","Canada","2016A000011124","Durum wheat","Total exports, all destinations","Tonnes","288","units ","0","v124842","1.2.1","375278","","","","0"
"2016-04","Canada","2016A000011124","Durum wheat","Total exports, all destinations","Tonnes","288","units ","0","v124842","1.2.1","369018","","","","0"
"2016-05","Canada","2016A000011124","Durum wheat","Total exports, all destinations","Tonnes","288","units ","0","v124842","1.2.1","300174","","","","0"
"2016-06","Canada","2016A000011124","Durum wheat","Total exports, all destinations","Tonnes","288","units ","0","v124842","1.2.1","133158","","","","0"
"2016-07","Canada","2016A000011124","Durum wheat","Total exports, all destinations","Tonnes","288","units ","0","v124842","1.2.1","348935","","","","0"
"2016-08","Canada","2016A000011124","Durum wheat","Total exports, all destinations","Tonnes","288","units ","0","v124842","1.2.1","219190","","","","0"
"2016-09","Canada","2016A000011124","Durum wheat","Total exports, all destinations","Tonnes","288","units ","0","v124842","1.2.1","208737","","","","0"
"2016-10","Canada","2016A000011124","Durum wheat","Total exports, all destinations","Tonnes","288","units ","0","v124842","1.2.1","401034","","","","0"
"2016-11","Canada","2016A000011124","Durum wheat","Total exports, all destinations","Tonnes","288","units ","0","v124842","1.2.1","410856","","","","0"
"2016-12","Canada","2016A000011124","Durum wheat","Total exports, all destinations","Tonnes","288","units ","0","v124842","1.2.1","466154","","","","0"
"2017-01","Canada","2016A000011124","Durum wheat","Total exports, all destinations","Tonnes","288","units ","0","v124842","1.2.1","406317","","","","0"
"2017-02","Canada","2016A000011124","Durum wheat","Total exports, all destinations","Tonnes","288","units ","0","v124842","1.2.1","435021","","","","0"
"2017-03","Canada","2016A000011124","Durum wheat","Total exports, all destinations","Tonnes","288","units ","0","v124842","1.2.1","326654","","","","0"
"2017-04","Canada","2016A000011124","Durum wheat","Total exports, all destinations","Tonnes","288","units ","0","v124842","1.2.1","457895","","","","0"
"2017-05","Canada","2016A000011124","Durum wheat","Total exports, all destinations","Tonnes","288","units ","0","v124842","1.2.1","410201","","","","0"
"2017-06","Canada","2016A000011124","Durum wheat","Total exports, all destinations","Tonnes","288","units ","0","v124842","1.2.1","487370","","","","0"
"2017-07","Canada","2016A000011124","Durum wheat","Total exports, all destinations","Tonnes","288","units ","0","v124842","1.2.1","264697","","","","0"
"2017-08","Canada","2016A000011124","Durum wheat","Total exports, all destinations","Tonnes","288","units ","0","v124842","1.2.1","474689","","","","0"
"2017-09","Canada","2016A000011124","Durum wheat","Total exports, all destinations","Tonnes","288","units ","0","v124842","1.2.1","218681","","","","0"
"2017-10","Canada","2016A000011124","Durum wheat","Total exports, all destinations","Tonnes","288","units ","0","v124842","1.2.1","380950","","","","0"
"2017-11","Canada","2016A000011124","Durum wheat","Total exports, all destinations","Tonnes","288","units ","0","v124842","1.2.1","338963","","","","0"
"2017-12","Canada","2016A000011124","Durum wheat","Total exports, all destinations","Tonnes","288","units ","0","v124842","1.2.1","292489","","","","0"
"2018-01","Canada","2016A000011124","Durum wheat","Total exports, all destinations","Tonnes","288","units ","0","v124842","1.2.1","471564","","","","0"
"2018-02","Canada","2016A000011124","Durum wheat","Total exports, all destinations","Tonnes","288","units ","0","v124842","1.2.1","316607","","","","0"
"2018-03","Canada","2016A000011124","Durum wheat","Total exports, all destinations","Tonnes","288","units ","0","v124842","1.2.1","433488","","","","0"
"2018-04","Canada","2016A000011124","Durum wheat","Total exports, all destinations","Tonnes","288","units ","0","v124842","1.2.1","372266","","","","0"
"2018-05","Canada","2016A000011124","Durum wheat","Total exports, all destinations","Tonnes","288","units ","0","v124842","1.2.1","424822","","","","0"
"2018-06","Canada","2016A000011124","Durum wheat","Total exports, all destinations","Tonnes","288","units ","0","v124842","1.2.1","160986","","","","0"
"2018-07","Canada","2016A000011124","Durum wheat","Total exports, all destinations","Tonnes","288","units ","0","v124842","1.2.1","436973","","","","0"
"2018-08","Canada","2016A000011124","Durum wheat","Total exports, all destinations","Tonnes","288","units ","0","v124842","1.2.1","293601","","","","0"
"2018-09","Canada","2016A000011124","Durum wheat","Total exports, all destinations","Tonnes","288","units ","0","v124842","1.2.1","306817","","","","0"
"2018-10","Canada","2016A000011124","Durum wheat","Total exports, all destinations","Tonnes","288","units ","0","v124842","1.2.1","294174","","","","0"
"2018-11","Canada","2016A000011124","Durum wheat","Total exports, all destinations","Tonnes","288","units ","0","v124842","1.2.1","223102","","","","0"
"2018-12","Canada","2016A000011124","Durum wheat","Total exports, all destinations","Tonnes","288","units ","0","v124842","1.2.1","443837","","","","0"
"2016-01","Canada","2016A000011124","Oats","Total exports, all destinations","Tonnes","288","units ","0","v124922","1.3.1","135535","","","","0"
"2016-02","Canada","2016A000011124","Oats","Total exports, all destinations","Tonnes","288","units ","0","v124922","1.3.1","92096","","","","0"
"2016-03","Canada","2016A000011124","Oats","Total exports, all destinations","Tonnes","288","units ","0","v124922","1.3.1","157007","","","","0"
"2016-04","Canada","2016A000011124","Oats","Total exports, all destinations","Tonnes","288","units ","0","v124922","1.3.1","106285","","","","0"
"2016-05","Canada","2016A000011124","Oats","Total exports, all destinations","Tonnes","288","units ","0","v124922","1.3.1","77629","","","","0"
"2016-06","Canada","2016A000011124","Oats","Total exports, all destinations","Tonnes","288","units ","0","v124922","1.3.1","154242","","","","0"
"2016-07","Canada","2016A000011124","Oats","Total exports, all destinations","Tonnes","288","units ","0","v124922","1.3.1","84611","","","","0"
"2016-08","Canada","2016A000011124","Oats","Total exports, all destinations","Tonnes","288","units ","0","v124922","1.3.1","190842","","","","0"
"2016-09","Canada","2016A000011124","Oats","Total exports, all destinations","Tonnes","288","units ","0","v124922","1.3.1","207525","","","","0"
"2016-10","Canada","2016A000011124","Oats","Total exports, all destinations","Tonnes","288","units ","0","v124922","1.3.1","171121","","","","0"
"2016-11","Canada","2016A000011124","Oats","Total exports, all destinations","Tonnes","288","units ","0","v124922","1.3.1","157291","","","","0"
"2016-12","Canada","2016A000011124","Oats","Total exports, all destinations","Tonnes","288","units ","0","v124922","1.3.1","140213","","","","0"
"2017-01","Canada","2016A000011124","Oats","Total exports, all destinations","Tonnes","288","units ","0","v124922","1.3.1","153304","","","","0"
"2017-02","Canada","2016A000011124","Oats","Total exports, all destinations","Tonnes","288","units ","0","v124922","1.3.1","116239","","","","0"
"2017-03","Canada","2016A000011124","Oats","Total exports, all destinations","Tonnes","288","units ","0","v124922","1.3.1","149358","","","","0"
"2017-04","Canada","2016A000011124","Oats","Total exports, all destinations","Tonnes","288","units ","0","v124922","1.3.1","94233","","","","0"
"2017-05","Canada","2016A000011124","Oats","Total exports, all destinations","Tonnes","288","units ","0","v124922","1.3.1","64724","","","","0"
"2017-06","Canada","2016A000011124","Oats","Total exports, all destinations","Tonnes","288","units ","0","v124922","1.3.1","83657","","","","0"
"2017-07","Canada","2016A000011124","Oats","Total exports, all destinations","Tonnes","288","units ","0","v124922","1.3.1","96108","","","","0"
"2017-08","Canada","2016A000011124","Oats","Total exports, all destinations","Tonnes","288","units ","0","v124922","1.3.1","102535","","","","0"
"2017-09","Canada","2016A000011124","Oats","Total exports, all destinations","Tonnes","288","units ","0","v124922","1.3.1","205171","","","","0"
"2017-10","Canada","2016A000011124","Oats","Total exports, all destinations","Tonnes","288","units ","0","v124922","1.3.1","190212","","","","0"
"2017-11","Canada","2016A000011124","Oats","Total exports, all destinations","Tonnes","288","units ","0","v124922","1.3.1","144854","","","","0"
"2017-12","Canada","2016A000011124","Oats","Total exports, all destinations","Tonnes","288","units ","0","v124922","1.3.1","128722","","","","0"
"2018-01","Canada","2016A000011124","Oats","Total exports, all destinations","Tonnes","288","units ","0","v124922","1.3.1","156739","","","","0"
"2018-02","Canada","2016A000011124","Oats","Total exports, all destinations","Tonnes","288","units ","0","v124922","1.3.1","93374","","","","0"
"2018-03","Canada","2016A000011124","Oats","Total exports, all destinations","Tonnes","288","units ","0","v124922","1.3.1","133730","","","","0"
"2018-04","Canada","2016A000011124","Oats","Total exports, all destinations","Tonnes","288","units ","0","v124922","1.3.1","134215","","","","0"
"2018-05","Canada","2016A000011124","Oats","Total exports, all destinations","Tonnes","288","units ","0","v124922","1.3.1","141223","","","","0"
"2018-06","Canada","2016A000011124","Oats","Total exports, all destinations","Tonnes","288","units ","0","v124922","1.3.1","104366","","","","0"
"2018-07","Canada","2016A000011124","Oats","Total exports, all destinations","Tonnes","288","units ","0","v124922","1.3.1","80033","","","","0"
"2018-08","Canada","2016A000011124","Oats","Total exports, all destinations","Tonnes","288","units ","0","v124922","1.3.1","158742","","","","0"
"2018-09","Canada","2016A000011124","Oats","Total exports, all destinations","Tonnes","288","units ","0","v124922","1.3.1","201710","","","","0"
"2018-10","Canada","2016A000011124","Oats","Total exports, all destinations","Tonnes","288","units ","0","v124922","1.3.1","213885","","","","0"
"2018-11","Canada","2016A000011124","Oats","Total exports, all destinations","Tonnes","288","units ","0","v124922","1.3.1","133628","","","","0"
"2018-12","Canada","2016A000011124","Oats","Total exports, all destinations","Tonnes","288","units ","0","v124922","1.3.1","138297","","","","0"
"2016-01","Canada","2016A000011124","Barley","Total exports, all destinations","Tonnes","288","units ","0","v124956","1.4.1","178927","","","","0"
"2016-02","Canada","2016A000011124","Barley","Total exports, all destinations","Tonnes","288","units ","0","v124956","1.4.1","154743","","","","0"
"2016-03","Canada","2016A000011124","Barley","Total exports, all destinations","Tonnes","288","units ","0","v124956","1.4.1","104492","","","","0"
"2016-04","Canada","2016A000011124","Barley","Total exports, all destinations","Tonnes","288","units ","0","v124956","1.4.1","131481","","","","0"
"2016-05","Canada","2016A000011124","Barley","Total exports, all destinations","Tonnes","288","units ","0","v124956","1.4.1","78241","","","","0"
"2016-06","Canada","2016A000011124","Barley","Total exports, all destinations","Tonnes","288","units ","0","v124956","1.4.1","26681","","","","0"
"2016-07","Canada","2016A000011124","Barley","Total exports, all destinations","Tonnes","288","units ","0","v124956","1.4.1","19249","","","","0"
"2016-08","Canada","2016A000011124","Barley","Total exports, all destinations","Tonnes","288","units ","0","v124956","1.4.1","8799","","","","0"
"2016-09","Canada","2016A000011124","Barley","Total exports, all destinations","Tonnes","288","units ","0","v124956","1.4.1","7137","","","","0"
"2016-10","Canada","2016A000011124","Barley","Total exports, all destinations","Tonnes","288","units ","0","v124956","1.4.1","174582","","","","0"
"2016-11","Canada","2016A000011124","Barley","Total exports, all destinations","Tonnes","288","units ","0","v124956","1.4.1","114524","","","","0"
"2016-12","Canada","2016A000011124","Barley","Total exports, all destinations","Tonnes","288","units ","0","v124956","1.4.1","160804","","","","0"
"2017-01","Canada","2016A000011124","Barley","Total exports, all destinations","Tonnes","288","units ","0","v124956","1.4.1","53547","","","","0"
"2017-02","Canada","2016A000011124","Barley","Total exports, all destinations","Tonnes","288","units ","0","v124956","1.4.1","163274","","","","0"
"2017-03","Canada","2016A000011124","Barley","Total exports, all destinations","Tonnes","288","units ","0","v124956","1.4.1","166085","","","","0"
"2017-04","Canada","2016A000011124","Barley","Total exports, all destinations","Tonnes","288","units ","0","v124956","1.4.1","146776","","","","0"
"2017-05","Canada","2016A000011124","Barley","Total exports, all destinations","Tonnes","288","units ","0","v124956","1.4.1","137628","","","","0"
"2017-06","Canada","2016A000011124","Barley","Total exports, all destinations","Tonnes","288","units ","0","v124956","1.4.1","209064","","","","0"
"2017-07","Canada","2016A000011124","Barley","Total exports, all destinations","Tonnes","288","units ","0","v124956","1.4.1","134603","","","","0"
"2017-08","Canada","2016A000011124","Barley","Total exports, all destinations","Tonnes","288","units ","0","v124956","1.4.1","200254","","","","0"
"2017-09","Canada","2016A000011124","Barley","Total exports, all destinations","Tonnes","288","units ","0","v124956","1.4.1","85970","","","","0"
"2017-10","Canada","2016A000011124","Barley","Total exports, all destinations","Tonnes","288","units ","0","v124956","1.4.1","162978","","","","0"
"2017-11","Canada","2016A000011124","Barley","Total exports, all destinations","Tonnes","288","units ","0","v124956","1.4.1","184472","","","","0"
"2017-12","Canada","2016A000011124","Barley","Total exports, all destinations","Tonnes","288","units ","0","v124956","1.4.1","168366","","","","0"
"2018-01","Canada","2016A000011124","Barley","Total exports, all destinations","Tonnes","288","units ","0","v124956","1.4.1","213934","","","","0"
"2018-02","Canada","2016A000011124","Barley","Total exports, all destinations","Tonnes","288","units ","0","v124956","1.4.1","184755","","","","0"
"2018-03","Canada","2016A000011124","Barley","Total exports, all destinations","Tonnes","288","units ","0","v124956","1.4.1","185486","","","","0"
"2018-04","Canada","2016A000011124","Barley","Total exports, all destinations","Tonnes","288","units ","0","v124956","1.4.1","261781","","","","0"
"2018-05","Canada","2016A000011124","Barley","Total exports, all destinations","Tonnes","288","units ","0","v124956","1.4.1","183906","","","","0"
"2018-06","Canada","2016A000011124","Barley","Total exports, all destinations","Tonnes","288","units ","0","v124956","1.4.1","21863","","","","0"
"2018-07","Canada","2016A000011124","Barley","Total exports, all destinations","Tonnes","288","units ","0","v124956","1.4.1","166832","","","","0"
"2018-08","Canada","2016A000011124","Barley","Total exports, all destinations","Tonnes","288","units ","0","v124956","1.4.1","67247","","","","0"
"2018-09","Canada","2016A000011124","Barley","Total exports, all destinations","Tonnes","288","units ","0","v124956","1.4.1","66025","","","","0"
"2018-10","Canada","2016A000011124","Barley","Total exports, all destinations","Tonnes","288","units ","0","v124956","1.4.1","331919","","","","0"
"2018-11","Canada","2016A000011124","Barley","Total exports, all destinations","Tonnes","288","units ","0","v124956","1.4.1","256662","","","","0"
"2018-12","Canada","2016A000011124","Barley","Total exports, all destinations","Tonnes","288","units ","0","v124956","1.4.1","298254","","","","0"
"2016-01","Canada","2016A000011124","Rye","Total exports, all destinations","Tonnes","288","units ","0","v125030","1.5.1","5668","","","","0"
"2016-02","Canada","2016A000011124","Rye","Total exports, all destinations","Tonnes","288","units ","0","v125030","1.5.1","6021","","","","0"
"2016-03","Canada","2016A000011124","Rye","Total exports, all destinations","Tonnes","288","units ","0","v125030","1.5.1","9395","","","","0"
"2016-04","Canada","2016A000011124","Rye","Total exports, all destinations","Tonnes","288","units ","0","v125030","1.5.1","5286","","","","0"
"2016-05","Canada","2016A000011124","Rye","Total exports, all destinations","Tonnes","288","units ","0","v125030","1.5.1","4529","","","","0"
"2016-06","Canada","2016A000011124","Rye","Total exports, all destinations","Tonnes","288","units ","0","v125030","1.5.1","6642","","","","0"
"2016-07","Canada","2016A000011124","Rye","Total exports, all destinations","Tonnes","288","units ","0","v125030","1.5.1","8785","","","","0"
"2016-08","Canada","2016A000011124","Rye","Total exports, all destinations","Tonnes","288","units ","0","v125030","1.5.1","21393","","","","0"
"2016-09","Canada","2016A000011124","Rye","Total exports, all destinations","Tonnes","288","units ","0","v125030","1.5.1","24551","","","","0"
"2016-10","Canada","2016A000011124","Rye","Total exports, all destinations","Tonnes","288","units ","0","v125030","1.5.1","13563","","","","0"
"2016-11","Canada","2016A000011124","Rye","Total exports, all destinations","Tonnes","288","units ","0","v125030","1.5.1","12029","","","","0"
"2016-12","Canada","2016A000011124","Rye","Total exports, all destinations","Tonnes","288","units ","0","v125030","1.5.1","6175","","","","0"
"2017-01","Canada","2016A000011124","Rye","Total exports, all destinations","Tonnes","288","units ","0","v125030","1.5.1","6184","","","","0"
"2017-02","Canada","2016A000011124","Rye","Total exports, all destinations","Tonnes","288","units ","0","v125030","1.5.1","5550","","","","0"
"2017-03","Canada","2016A000011124","Rye","Total exports, all destinations","Tonnes","288","units ","0","v125030","1.5.1","7324","","","","0"
"2017-04","Canada","2016A000011124","Rye","Total exports, all destinations","Tonnes","288","units ","0","v125030","1.5.1","7477","","","","0"
"2017-05","Canada","2016A000011124","Rye","Total exports, all destinations","Tonnes","288","units ","0","v125030","1.5.1","8312","","","","0"
"2017-06","Canada","2016A000011124","Rye","Total exports, all destinations","Tonnes","288","units ","0","v125030","1.5.1","15186","","","","0"
"2017-07","Canada","2016A000011124","Rye","Total exports, all destinations","Tonnes","288","units ","0","v125030","1.5.1","14454","","","","0"
"2017-08","Canada","2016A000011124","Rye","Total exports, all destinations","Tonnes","288","units ","0","v125030","1.5.1","15607","","","","0"
"2017-09","Canada","2016A000011124","Rye","Total exports, all destinations","Tonnes","288","units ","0","v125030","1.5.1","19767","","","","0"
"2017-10","Canada","2016A000011124","Rye","Total exports, all destinations","Tonnes","288","units ","0","v125030","1.5.1","19996","","","","0"
"2017-11","Canada","2016A000011124","Rye","Total exports, all destinations","Tonnes","288","units ","0","v125030","1.5.1","7227","","","","0"
"2017-12","Canada","2016A000011124","Rye","Total exports, all destinations","Tonnes","288","units ","0","v125030","1.5.1","8394","","","","0"
"2018-01","Canada","2016A000011124","Rye","Total exports, all destinations","Tonnes","288","units ","0","v125030","1.5.1","14230","","","","0"
"2018-02","Canada","2016A000011124","Rye","Total exports, all destinations","Tonnes","288","units ","0","v125030","1.5.1","12103","","","","0"
"2018-03","Canada","2016A000011124","Rye","Total exports, all destinations","Tonnes","288","units ","0","v125030","1.5.1","12991","","","","0"
"2018-04","Canada","2016A000011124","Rye","Total exports, all destinations","Tonnes","288","units ","0","v125030","1.5.1","20177","","","","0"
"2018-05","Canada","2016A000011124","Rye","Total exports, all destinations","Tonnes","288","units ","0","v125030","1.5.1","23480","","","","0"
"2018-06","Canada","2016A000011124","Rye","Total exports, all destinations","Tonnes","288","units ","0","v125030","1.5.1","18457","","","","0"
"2018-07","Canada","2016A000011124","Rye","Total exports, all destinations","Tonnes","288","units ","0","v125030","1.5.1","19621","","","","0"
"2018-08","Canada","2016A000011124","Rye","Total exports, all destinations","Tonnes","288","units ","0","v125030","1.5.1","41807","","","","0"
"2018-09","Canada","2016A000011124","Rye","Total exports, all destinations","Tonnes","288","units ","0","v125030","1.5.1","28097","","","","0"
"2018-10","Canada","2016A000011124","Rye","Total exports, all destinations","Tonnes","288","units ","0","v125030","1.5.1","17065","","","","0"
"2018-11","Canada","2016A000011124","Rye","Total exports, all destinations","Tonnes","288","units ","0","v125030","1.5.1","10302","","","","0"
"2018-12","Canada","2016A000011124","Rye","Total exports, all destinations","Tonnes","288","units ","0","v125030","1.5.1","7399","","","","0"
"2016-01","Canada","2016A000011124","Flaxseed","Total exports, all destinations","Tonnes","288","units ","0","v125069","1.6.1","80097","","","","0"
"2016-02","Canada","2016A000011124","Flaxseed","Total exports, all destinations","Tonnes","288","units ","0","v125069","1.6.1","32041","","","","0"
"2016-03","Canada","2016A000011124","Flaxseed","Total exports, all destinations","Tonnes","288","units ","0","v125069","1.6.1","74963","","","","0"
"2016-04","Canada","2016A000011124","Flaxseed","Total exports, all destinations","Tonnes","288","units ","0","v125069","1.6.1","50517","","","","0"
"2016-05","Canada","2016A000011124","Flaxseed","Total exports, all destinations","Tonnes","288","units ","0","v125069","1.6.1","41937","","","","0"
"2016-06","Canada","2016A000011124","Flaxseed","Total exports, all destinations","Tonnes","288","units ","0","v125069","1.6.1","50818","","","","0"
"2016-07","Canada","2016A000011124","Flaxseed","Total exports, all destinations","Tonnes","288","units ","0","v125069","1.6.1","67703","","","","0"
"2016-08","Canada","2016A000011124","Flaxseed","Total exports, all destinations","Tonnes","288","units ","0","v125069","1.6.1","65502","","","","0"
"2016-09","Canada","2016A000011124","Flaxseed","Total exports, all destinations","Tonnes","288","units ","0","v125069","1.6.1","52854","","","","0"
"2016-10","Canada","2016A000011124","Flaxseed","Total exports, all destinations","Tonnes","288","units ","0","v125069","1.6.1","12869","","","","0"
"2016-11","Canada","2016A000011124","Flaxseed","Total exports, all destinations","Tonnes","288","units ","0","v125069","1.6.1","35363","","","","0"
"2016-12","Canada","2016A000011124","Flaxseed","Total exports, all destinations","Tonnes","288","units ","0","v125069","1.6.1","55048","","","","0"
"2017-01","Canada","2016A000011124","Flaxseed","Total exports, all destinations","Tonnes","288","units ","0","v125069","1.6.1","62622","","","","0"
"2017-02","Canada","2016A000011124","Flaxseed","Total exports, all destinations","Tonnes","288","units ","0","v125069","1.6.1","52651","","","","0"
"2017-03","Canada","2016A000011124","Flaxseed","Total exports, all destinations","Tonnes","288","units ","0","v125069","1.6.1","45250","","","","0"
"2017-04","Canada","2016A000011124","Flaxseed","Total exports, all destinations","Tonnes","288","units ","0","v125069","1.6.1","29500","","","","0"
"2017-05","Canada","2016A000011124","Flaxseed","Total exports, all destinations","Tonnes","288","units ","0","v125069","1.6.1","28226","","","","0"
"2017-06","Canada","2016A000011124","Flaxseed","Total exports, all destinations","Tonnes","288","units ","0","v125069","1.6.1","32591","","","","0"
"2017-07","Canada","2016A000011124","Flaxseed","Total exports, all destinations","Tonnes","288","units ","0","v125069","1.6.1","27536","","","","0"
"2017-08","Canada","2016A000011124","Flaxseed","Total exports, all destinations","Tonnes","288","units ","0","v125069","1.6.1","38554","","","","0"
"2017-09","Canada","2016A000011124","Flaxseed","Total exports, all destinations","Tonnes","288","units ","0","v125069","1.6.1","22659","","","","0"
"2017-10","Canada","2016A000011124","Flaxseed","Total exports, all destinations","Tonnes","288","units ","0","v125069","1.6.1","45407","","","","0"
"2017-11","Canada","2016A000011124","Flaxseed","Total exports, all destinations","Tonnes","288","units ","0","v125069","1.6.1","31242","","","","0"
"2017-12","Canada","2016A000011124","Flaxseed","Total exports, all destinations","Tonnes","288","units ","0","v125069","1.6.1","52155","","","","0"
"2018-01","Canada","2016A000011124","Flaxseed","Total exports, all destinations","Tonnes","288","units ","0","v125069","1.6.1","85914","","","","0"
"2018-02","Canada","2016A000011124","Flaxseed","Total exports, all destinations","Tonnes","288","units ","0","v125069","1.6.1","26957","","","","0"
"2018-03","Canada","2016A000011124","Flaxseed","Total exports, all destinations","Tonnes","288","units ","0","v125069","1.6.1","20067","","","","0"
"2018-04","Canada","2016A000011124","Flaxseed","Total exports, all destinations","Tonnes","288","units ","0","v125069","1.6.1","32456","","","","0"
"2018-05","Canada","2016A000011124","Flaxseed","Total exports, all destinations","Tonnes","288","units ","0","v125069","1.6.1","68376","","","","0"
"2018-06","Canada","2016A000011124","Flaxseed","Total exports, all destinations","Tonnes","288","units ","0","v125069","1.6.1","29999","","","","0"
"2018-07","Canada","2016A000011124","Flaxseed","Total exports, all destinations","Tonnes","288","units ","0","v125069","1.6.1","61281","","","","0"
"2018-08","Canada","2016A000011124","Flaxseed","Total exports, all destinations","Tonnes","288","units ","0","v125069","1.6.1","58768","","","","0"
"2018-09","Canada","2016A000011124","Flaxseed","Total exports, all destinations","Tonnes","288","units ","0","v125069","1.6.1","10967","","","","0"
"2018-10","Canada","2016A000011124","Flaxseed","Total exports, all destinations","Tonnes","288","units ","0","v125069","1.6.1","14069","","","","0"
"2018-11","Canada","2016A000011124","Flaxseed","Total exports, all destinations","Tonnes","288","units ","0","v125069","1.6.1","69970","","","","0"
"2018-12","Canada","2016A000011124","Flaxseed","Total exports, all destinations","Tonnes","288","units ","0","v125069","1.6.1","32818","","","","0"
"2016-01","Canada","2016A000011124","Canola (rapeseed)","Total exports, all destinations","Tonnes","288","units ","0","v125138","1.7.1","770329","","","","0"
"2016-02","Canada","2016A000011124","Canola (rapeseed)","Total exports, all destinations","Tonnes","288","units ","0","v125138","1.7.1","931493","","","","0"
"2016-03","Canada","2016A000011124","Canola (rapeseed)","Total exports, all destinations","Tonnes","288","units ","0","v125138","1.7.1","1037937","","","","0"
"2016-04","Canada","2016A000011124","Canola (rapeseed)","Total exports, all destinations","Tonnes","288","units ","0","v125138","1.7.1","914127","","","","0"
"2016-05","Canada","2016A000011124","Canola (rapeseed)","Total exports, all destinations","Tonnes","288","units ","0","v125138","1.7.1","957908","","","","0"
"2016-06","Canada","2016A000011124","Canola (rapeseed)","Total exports, all destinations","Tonnes","288","units ","0","v125138","1.7.1","760314","","","","0"
"2016-07","Canada","2016A000011124","Canola (rapeseed)","Total exports, all destinations","Tonnes","288","units ","0","v125138","1.7.1","849781","","","","0"
"2016-08","Canada","2016A000011124","Canola (rapeseed)","Total exports, all destinations","Tonnes","288","units ","0","v125138","1.7.1","567226","","","","0"
"2016-09","Canada","2016A000011124","Canola (rapeseed)","Total exports, all destinations","Tonnes","288","units ","0","v125138","1.7.1","693997","","","","0"
"2016-10","Canada","2016A000011124","Canola (rapeseed)","Total exports, all destinations","Tonnes","288","units ","0","v125138","1.7.1","909620","","","","0"
"2016-11","Canada","2016A000011124","Canola (rapeseed)","Total exports, all destinations","Tonnes","288","units ","0","v125138","1.7.1","994617","","","","0"
"2016-12","Canada","2016A000011124","Canola (rapeseed)","Total exports, all destinations","Tonnes","288","units ","0","v125138","1.7.1","1129894","","","","0"
"2017-01","Canada","2016A000011124","Canola (rapeseed)","Total exports, all destinations","Tonnes","288","units ","0","v125138","1.7.1","1239126","","","","0"
"2017-02","Canada","2016A000011124","Canola (rapeseed)","Total exports, all destinations","Tonnes","288","units ","0","v125138","1.7.1","888478","","","","0"
"2017-03","Canada","2016A000011124","Canola (rapeseed)","Total exports, all destinations","Tonnes","288","units ","0","v125138","1.7.1","969838","","","","0"
"2017-04","Canada","2016A000011124","Canola (rapeseed)","Total exports, all destinations","Tonnes","288","units ","0","v125138","1.7.1","1040935","","","","0"
"2017-05","Canada","2016A000011124","Canola (rapeseed)","Total exports, all destinations","Tonnes","288","units ","0","v125138","1.7.1","1032348","","","","0"
"2017-06","Canada","2016A000011124","Canola (rapeseed)","Total exports, all destinations","Tonnes","288","units ","0","v125138","1.7.1","767570","","","","0"
"2017-07","Canada","2016A000011124","Canola (rapeseed)","Total exports, all destinations","Tonnes","288","units ","0","v125138","1.7.1","782796","","","","0"
"2017-08","Canada","2016A000011124","Canola (rapeseed)","Total exports, all destinations","Tonnes","288","units ","0","v125138","1.7.1","688893","","","","0"
"2017-09","Canada","2016A000011124","Canola (rapeseed)","Total exports, all destinations","Tonnes","288","units ","0","v125138","1.7.1","861787","","","","0"
"2017-10","Canada","2016A000011124","Canola (rapeseed)","Total exports, all destinations","Tonnes","288","units ","0","v125138","1.7.1","1296840","","","","0"
"2017-11","Canada","2016A000011124","Canola (rapeseed)","Total exports, all destinations","Tonnes","288","units ","0","v125138","1.7.1","824699","","","","0"
"2017-12","Canada","2016A000011124","Canola (rapeseed)","Total exports, all destinations","Tonnes","288","units ","0","v125138","1.7.1","1176100","","","","0"
"2018-01","Canada","2016A000011124","Canola (rapeseed)","Total exports, all destinations","Tonnes","288","units ","0","v125138","1.7.1","1140872","","","","0"
"2018-02","Canada","2016A000011124","Canola (rapeseed)","Total exports, all destinations","Tonnes","288","units ","0","v125138","1.7.1","558793","","","","0"
"2018-03","Canada","2016A000011124","Canola (rapeseed)","Total exports, all destinations","Tonnes","288","units ","0","v125138","1.7.1","842615","","","","0"
"2018-04","Canada","2016A000011124","Canola (rapeseed)","Total exports, all destinations","Tonnes","288","units ","0","v125138","1.7.1","926131","","","","0"
"2018-05","Canada","2016A000011124","Canola (rapeseed)","Total exports, all destinations","Tonnes","288","units ","0","v125138","1.7.1","818042","","","","0"
"2018-06","Canada","2016A000011124","Canola (rapeseed)","Total exports, all destinations","Tonnes","288","units ","0","v125138","1.7.1","1024718","","","","0"
"2018-07","Canada","2016A000011124","Canola (rapeseed)","Total exports, all destinations","Tonnes","288","units ","0","v125138","1.7.1","623547","","","","0"
"2018-08","Canada","2016A000011124","Canola (rapeseed)","Total exports, all destinations","Tonnes","288","units ","0","v125138","1.7.1","506704","","","","0"
"2018-09","Canada","2016A000011124","Canola (rapeseed)","Total exports, all destinations","Tonnes","288","units ","0","v125138","1.7.1","557733","","","","0"
"2018-10","Canada","2016A000011124","Canola (rapeseed)","Total exports, all destinations","Tonnes","288","units ","0","v125138","1.7.1","1432136","","","","0"
"2018-11","Canada","2016A000011124","Canola (rapeseed)","Total exports, all destinations","Tonnes","288","units ","0","v125138","1.7.1","831913","","","","0"
"2018-12","Canada","2016A000011124","Canola (rapeseed)","Total exports, all destinations","Tonnes","288","units ","0","v125138","1.7.1","943038","","","","0"
"2016-01","Canada","2016A000011124","Wheat flour","Total exports, all destinations","Tonnes","288","units ","0","v381653","1.8.1","19492","","","","0"
"2016-02","Canada","2016A000011124","Wheat flour","Total exports, all destinations","Tonnes","288","units ","0","v381653","1.8.1","25937","","","","0"
"2016-03","Canada","2016A000011124","Wheat flour","Total exports, all destinations","Tonnes","288","units ","0","v381653","1.8.1","22022","","","","0"
"2016-04","Canada","2016A000011124","Wheat flour","Total exports, all destinations","Tonnes","288","units ","0","v381653","1.8.1","30536","","","","0"
"2016-05","Canada","2016A000011124","Wheat flour","Total exports, all destinations","Tonnes","288","units ","0","v381653","1.8.1","20956","","","","0"
"2016-06","Canada","2016A000011124","Wheat flour","Total exports, all destinations","Tonnes","288","units ","0","v381653","1.8.1","24287","","","","0"
"2016-07","Canada","2016A000011124","Wheat flour","Total exports, all destinations","Tonnes","288","units ","0","v381653","1.8.1","19772","","","","0"
"2016-08","Canada","2016A000011124","Wheat flour","Total exports, all destinations","Tonnes","288","units ","0","v381653","1.8.1","22488","","","","0"
"2016-09","Canada","2016A000011124","Wheat flour","Total exports, all destinations","Tonnes","288","units ","0","v381653","1.8.1","21996","","","","0"
"2016-10","Canada","2016A000011124","Wheat flour","Total exports, all destinations","Tonnes","288","units ","0","v381653","1.8.1","29921","","","","0"
"2016-11","Canada","2016A000011124","Wheat flour","Total exports, all destinations","Tonnes","288","units ","0","v381653","1.8.1","30336","","","","0"
"2016-12","Canada","2016A000011124","Wheat flour","Total exports, all destinations","Tonnes","288","units ","0","v381653","1.8.1","25239","","","","0"
"2017-01","Canada","2016A000011124","Wheat flour","Total exports, all destinations","Tonnes","288","units ","0","v381653","1.8.1","21311","","","","0"
"2017-02","Canada","2016A000011124","Wheat flour","Total exports, all destinations","Tonnes","288","units ","0","v381653","1.8.1","31181","","","","0"
"2017-03","Canada","2016A000011124","Wheat flour","Total exports, all destinations","Tonnes","288","units ","0","v381653","1.8.1","28957","","","","0"
"2017-04","Canada","2016A000011124","Wheat flour","Total exports, all destinations","Tonnes","288","units ","0","v381653","1.8.1","31420","","","","0"
"2017-05","Canada","2016A000011124","Wheat flour","Total exports, all destinations","Tonnes","288","units ","0","v381653","1.8.1","32205","","","","0"
"2017-06","Canada","2016A000011124","Wheat flour","Total exports, all destinations","Tonnes","288","units ","0","v381653","1.8.1","33434","","","","0"
"2017-07","Canada","2016A000011124","Wheat flour","Total exports, all destinations","Tonnes","288","units ","0","v381653","1.8.1","31584","","","","0"
"2017-08","Canada","2016A000011124","Wheat flour","Total exports, all destinations","Tonnes","288","units ","0","v381653","1.8.1","24618","","","","0"
"2017-09","Canada","2016A000011124","Wheat flour","Total exports, all destinations","Tonnes","288","units ","0","v381653","1.8.1","30447","","","","0"
"2017-10","Canada","2016A000011124","Wheat flour","Total exports, all destinations","Tonnes","288","units ","0","v381653","1.8.1","30498","","","","0"
"2017-11","Canada","2016A000011124","Wheat flour","Total exports, all destinations","Tonnes","288","units ","0","v381653","1.8.1","24791","","","","0"
"2017-12","Canada","2016A000011124","Wheat flour","Total exports, all destinations","Tonnes","288","units ","0","v381653","1.8.1","39724","","","","0"
"2018-01","Canada","2016A000011124","Wheat flour","Total exports, all destinations","Tonnes","288","units ","0","v381653","1.8.1","29941","","","","0"
"2018-02","Canada","2016A000011124","Wheat flour","Total exports, all destinations","Tonnes","288","units ","0","v381653","1.8.1","20331","","","","0"
"2018-03","Canada","2016A000011124","Wheat flour","Total exports, all destinations","Tonnes","288","units ","0","v381653","1.8.1","35386","","","","0"
"2018-04","Canada","2016A000011124","Wheat flour","Total exports, all destinations","Tonnes","288","units ","0","v381653","1.8.1","42184","","","","0"
"2018-05","Canada","2016A000011124","Wheat flour","Total exports, all destinations","Tonnes","288","units ","0","v381653","1.8.1","33939","","","","0"
"2018-06","Canada","2016A000011124","Wheat flour","Total exports, all destinations","Tonnes","288","units ","0","v381653","1.8.1","35107","","","","0"
"2018-07","Canada","2016A000011124","Wheat flour","Total exports, all destinations","Tonnes","288","units ","0","v381653","1.8.1","31635","","","","0"
"2018-08","Canada","2016A000011124","Wheat flour","Total exports, all destinations","Tonnes","288","units ","0","v381653","1.8.1","22701","","","","0"
"2018-09","Canada","2016A000011124","Wheat flour","Total exports, all destinations","Tonnes","288","units ","0","v381653","1.8.1","20519","","","","0"
"2018-10","Canada","2016A000011124","Wheat flour","Total exports, all destinations","Tonnes","288","units ","0","v381653","1.8.1","24023","","","","0"
"2018-11","Canada","2016A000011124","Wheat flour","Total exports, all destinations","Tonnes","288","units ","0","v381653","1.8.1","21200","","","","0"
"2018-12","Canada","2016A000011124","Wheat flour","Total exports, all destinations","Tonnes","288","units ","0","v381653","1.8.1","17805","","","","0"
"2016-01","Canada","2016A000011124","Malt","Total exports, all destinations","Tonnes","288","units ","0","v380839","1.9.1","43352","","","","0"
"2016-02","Canada","2016A000011124","Malt","Total exports, all destinations","Tonnes","288","units ","0","v380839","1.9.1","56353","","","","0"
"2016-03","Canada","2016A000011124","Malt","Total exports, all destinations","Tonnes","288","units ","0","v380839","1.9.1","55718","","","","0"
"2016-04","Canada","2016A000011124","Malt","Total exports, all destinations","Tonnes","288","units ","0","v380839","1.9.1","53724","","","","0"
"2016-05","Canada","2016A000011124","Malt","Total exports, all destinations","Tonnes","288","units ","0","v380839","1.9.1","57280","","","","0"
"2016-06","Canada","2016A000011124","Malt","Total exports, all destinations","Tonnes","288","units ","0","v380839","1.9.1","60620","","","","0"
"2016-07","Canada","2016A000011124","Malt","Total exports, all destinations","Tonnes","288","units ","0","v380839","1.9.1","48613","","","","0"
"2016-08","Canada","2016A000011124","Malt","Total exports, all destinations","Tonnes","288","units ","0","v380839","1.9.1","52935","","","","0"
"2016-09","Canada","2016A000011124","Malt","Total exports, all destinations","Tonnes","288","units ","0","v380839","1.9.1","44119","","","","0"
"2016-10","Canada","2016A000011124","Malt","Total exports, all destinations","Tonnes","288","units ","0","v380839","1.9.1","49417","","","","0"
"2016-11","Canada","2016A000011124","Malt","Total exports, all destinations","Tonnes","288","units ","0","v380839","1.9.1","47754","","","","0"
"2016-12","Canada","2016A000011124","Malt","Total exports, all destinations","Tonnes","288","units ","0","v380839","1.9.1","45051","","","","0"
"2017-01","Canada","2016A000011124","Malt","Total exports, all destinations","Tonnes","288","units ","0","v380839","1.9.1","51871","","","","0"
"2017-02","Canada","2016A000011124","Malt","Total exports, all destinations","Tonnes","288","units ","0","v380839","1.9.1","54545","","","","0"
"2017-03","Canada","2016A000011124","Malt","Total exports, all destinations","Tonnes","288","units ","0","v380839","1.9.1","55085","","","","0"
"2017-04","Canada","2016A000011124","Malt","Total exports, all destinations","Tonnes","288","units ","0","v380839","1.9.1","56364","","","","0"
"2017-05","Canada","2016A000011124","Malt","Total exports, all destinations","Tonnes","288","units ","0","v380839","1.9.1","59852","","","","0"
"2017-06","Canada","2016A000011124","Malt","Total exports, all destinations","Tonnes","288","units ","0","v380839","1.9.1","52769","","","","0"
"2017-07","Canada","2016A000011124","Malt","Total exports, all destinations","Tonnes","288","units ","0","v380839","1.9.1","62103","","","","0"
"2017-08","Canada","2016A000011124","Malt","Total exports, all destinations","Tonnes","288","units ","0","v380839","1.9.1","55390","","","","0"
"2017-09","Canada","2016A000011124","Malt","Total exports, all destinations","Tonnes","288","units ","0","v380839","1.9.1","53698","","","","0"
"2017-10","Canada","2016A000011124","Malt","Total exports, all destinations","Tonnes","288","units ","0","v380839","1.9.1","50048","","","","0"
"2017-11","Canada","2016A000011124","Malt","Total exports, all destinations","Tonnes","288","units ","0","v380839","1.9.1","48398","","","","0"
"2017-12","Canada","2016A000011124","Malt","Total exports, all destinations","Tonnes","288","units ","0","v380839","1.9.1","39192","","","","0"
"2018-01","Canada","2016A000011124","Malt","Total exports, all destinations","Tonnes","288","units ","0","v380839","1.9.1","46882","","","","0"
"2018-02","Canada","2016A000011124","Malt","Total exports, all destinations","Tonnes","288","units ","0","v380839","1.9.1","46673","","","","0"
"2018-03","Canada","2016A000011124","Malt","Total exports, all destinations","Tonnes","288","units ","0","v380839","1.9.1","54960","","","","0"
"2018-04","Canada","2016A000011124","Malt","Total exports, all destinations","Tonnes","288","units ","0","v380839","1.9.1","47358","","","","0"
"2018-05","Canada","2016A000011124","Malt","Total exports, all destinations","Tonnes","288","units ","0","v380839","1.9.1","50716","","","","0"
"2018-06","Canada","2016A000011124","Malt","Total exports, all destinations","Tonnes","288","units ","0","v380839","1.9.1","52513","","","","0"
"2018-07","Canada","2016A000011124","Malt","Total exports, all destinations","Tonnes","288","units ","0","v380839","1.9.1","53212","","","","0"
"2018-08","Canada","2016A000011124","Malt","Total exports, all destinations","Tonnes","288","units ","0","v380839","1.9.1","44007","","","","0"
"2018-09","Canada","2016A000011124","Malt","Total exports, all destinations","Tonnes","288","units ","0","v380839","1.9.1","42559","","","","0"
"2018-10","Canada","2016A000011124","Malt","Total exports, all destinations","Tonnes","288","units ","0","v380839","1.9.1","44398","","","","0"
"2018-11","Canada","2016A000011124","Malt","Total exports, all destinations","Tonnes","288","units ","0","v380839","1.9.1","45305","","","","0"
"2018-12","Canada","2016A000011124","Malt","Total exports, all destinations","Tonnes","288","units ","0","v380839","1.9.1","42553","","","","0"


