"REF_DATE","GEO","DGUID","Commodity groups","UOM","UOM_ID","SCALAR_FACTOR","SCALAR_ID","VECTOR","COORDINATE","VALUE","STATUS","SYMBOL","TERMINATED","DECIMALS"
"2016-01","Canada","2016A000011124","Total index","Index, 2007=100","181","units ","0","v66449852","1.1","134.3","","","","1"
"2016-02","Canada","2016A000011124","Total index","Index, 2007=100","181","units ","0","v66449852","1.1","134.9","","","","1"
"2016-03","Canada","2016A000011124","Total index","Index, 2007=100","181","units ","0","v66449852","1.1","135.6","","","","1"
"2016-04","Canada","2016A000011124","Total index","Index, 2007=100","181","units ","0","v66449852","1.1","133.7","","","","1"
"2016-05","Canada","2016A000011124","Total index","Index, 2007=100","181","units ","0","v66449852","1.1","136.4","","","","1"
"2016-06","Canada","2016A000011124","Total index","Index, 2007=100","181","units ","0","v66449852","1.1","137.1","","","","1"
"2016-07","Canada","2016A000011124","Total index","Index, 2007=100","181","units ","0","v66449852","1.1","133.0","","","","1"
"2016-08","Canada","2016A000011124","Total index","Index, 2007=100","181","units ","0","v66449852","1.1","127.8","","","","1"
"2016-09","Canada","2016A000011124","Total index","Index, 2007=100","181","units ","0","v66449852","1.1","124.7","","","","1"
"2016-10","Canada","2016A000011124","Total index","Index, 2007=100","181","units ","0","v66449852","1.1","124.5","","","","1"
"2016-11","Canada","2016A000011124","Total index","Index, 2007=100","181","units ","0","v66449852","1.1","125.1","","","","1"
"2016-12","Canada","2016A000011124","Total index","Index, 2007=100","181","units ","0","v66449852","1.1","128.8","","","","1"
"2017-01","Canada","2016A000011124","Total index","Index, 2007=100","181","units ","0","v66449852","1.1","129.5","","","","1"
"2017-02","Canada","2016A000011124","Total index","Index, 2007=100","181","units ","0","v66449852","1.1","130.8","","","","1"
"2017-03","Canada","2016A000011124","Total index","Index, 2007=100","181","units ","0","v66449852","1.1","132.7","","","","1"
"2017-04","Canada","2016A000011124","Total index","Index, 2007=100","181","units ","0","v66449852","1.1","132.2","","","","1"
"2017-05","Canada","2016A000011124","Total index","Index, 2007=100","181","units ","0","v66449852","1.1","135.2","","","","1"
"2017-06","Canada","2016A000011124","Total index","Index, 2007=100","181","units ","0","v66449852","1.1","136.2","","","","1"
"2017-07","Canada","2016A000011124","Total index","Index, 2007=100","181","units ","0","v66449852","1.1","136.2","","","","1"
"2017-08","Canada","2016A000011124","Total index","Index, 2007=100","181","units ","0","v66449852","1.1","132.8","","","","1"
"2017-09","Canada","2016A000011124","Total index","Index, 2007=100","181","units ","0","v66449852","1.1","128.6","","","","1"
"2017-10","Canada","2016A000011124","Total index","Index, 2007=100","181","units ","0","v66449852","1.1","128.5","","","","1"
"2017-11","Canada","2016A000011124","Total index","Index, 2007=100","181","units ","0","v66449852","1.1","130.2","","","","1"
"2017-12","Canada","2016A000011124","Total index","Index, 2007=100","181","units ","0","v66449852","1.1","129.1","","","","1"
"2018-01","Canada","2016A000011124","Total index","Index, 2007=100","181","units ","0","v66449852","1.1","129.7","","","","1"
"2018-02","Canada","2016A000011124","Total index","Index, 2007=100","181","units ","0","v66449852","1.1","130.0","","","","1"
"2018-03","Canada","2016A000011124","Total index","Index, 2007=100","181","units ","0","v66449852","1.1","130.6","","","","1"
"2018-04","Canada","2016A000011124","Total index","Index, 2007=100","181","units ","0","v66449852","1.1","129.6","","","","1"
"2018-05","Canada","2016A000011124","Total index","Index, 2007=100","181","units ","0","v66449852","1.1","131.2","","","","1"
"2018-06","Canada","2016A000011124","Total index","Index, 2007=100","181","units ","0","v66449852","1.1","132.9","","","","1"
"2018-07","Canada","2016A000011124","Total index","Index, 2007=100","181","units ","0","v66449852","1.1","133.7","","","","1"
"2018-08","Canada","2016A000011124","Total index","Index, 2007=100","181","units ","0","v66449852","1.1","130.1","","","","1"
"2018-09","Canada","2016A000011124","Total index","Index, 2007=100","181","units ","0","v66449852","1.1","127.9","","","","1"
"2018-10","Canada","2016A000011124","Total index","Index, 2007=100","181","units ","0","v66449852","1.1","129.4","","","","1"
"2018-11","Canada","2016A000011124","Total index","Index, 2007=100","181","units ","0","v66449852","1.1","128.5","","","","1"
"2018-12","Canada","2016A000011124","Total index","Index, 2007=100","181","units ","0","v66449852","1.1","127.7","","","","1"
"2016-01","Canada","2016A000011124","Total crops","Index, 2007=100","181","units ","0","v66449853","1.2","126.5","","","","1"
"2016-02","Canada","2016A000011124","Total crops","Index, 2007=100","181","units ","0","v66449853","1.2","127.2","","","","1"
"2016-03","Canada","2016A000011124","Total crops","Index, 2007=100","181","units ","0","v66449853","1.2","126.7","","","","1"
"2016-04","Canada","2016A000011124","Total crops","Index, 2007=100","181","units ","0","v66449853","1.2","126.1","","","","1"
"2016-05","Canada","2016A000011124","Total crops","Index, 2007=100","181","units ","0","v66449853","1.2","128.7","","","","1"
"2016-06","Canada","2016A000011124","Total crops","Index, 2007=100","181","units ","0","v66449853","1.2","128.3","","","","1"
"2016-07","Canada","2016A000011124","Total crops","Index, 2007=100","181","units ","0","v66449853","1.2","123.7","","","","1"
"2016-08","Canada","2016A000011124","Total crops","Index, 2007=100","181","units ","0","v66449853","1.2","119.1","","","","1"
"2016-09","Canada","2016A000011124","Total crops","Index, 2007=100","181","units ","0","v66449853","1.2","117.8","","","","1"
"2016-10","Canada","2016A000011124","Total crops","Index, 2007=100","181","units ","0","v66449853","1.2","120.0","","","","1"
"2016-11","Canada","2016A000011124","Total crops","Index, 2007=100","181","units ","0","v66449853","1.2","121.1","","","","1"
"2016-12","Canada","2016A000011124","Total crops","Index, 2007=100","181","units ","0","v66449853","1.2","123.1","","","","1"
"2017-01","Canada","2016A000011124","Total crops","Index, 2007=100","181","units ","0","v66449853","1.2","122.9","","","","1"
"2017-02","Canada","2016A000011124","Total crops","Index, 2007=100","181","units ","0","v66449853","1.2","122.9","","","","1"
"2017-03","Canada","2016A000011124","Total crops","Index, 2007=100","181","units ","0","v66449853","1.2","123.3","","","","1"
"2017-04","Canada","2016A000011124","Total crops","Index, 2007=100","181","units ","0","v66449853","1.2","123.4","","","","1"
"2017-05","Canada","2016A000011124","Total crops","Index, 2007=100","181","units ","0","v66449853","1.2","124.5","","","","1"
"2017-06","Canada","2016A000011124","Total crops","Index, 2007=100","181","units ","0","v66449853","1.2","125.9","","","","1"
"2017-07","Canada","2016A000011124","Total crops","Index, 2007=100","181","units ","0","v66449853","1.2","128.5","","","","1"
"2017-08","Canada","2016A000011124","Total crops","Index, 2007=100","181","units ","0","v66449853","1.2","125.5","","","","1"
"2017-09","Canada","2016A000011124","Total crops","Index, 2007=100","181","units ","0","v66449853","1.2","123.4","","","","1"
"2017-10","Canada","2016A000011124","Total crops","Index, 2007=100","181","units ","0","v66449853","1.2","122.3","","","","1"
"2017-11","Canada","2016A000011124","Total crops","Index, 2007=100","181","units ","0","v66449853","1.2","123.0","","","","1"
"2017-12","Canada","2016A000011124","Total crops","Index, 2007=100","181","units ","0","v66449853","1.2","122.5","","","","1"
"2018-01","Canada","2016A000011124","Total crops","Index, 2007=100","181","units ","0","v66449853","1.2","122.2","","","","1"
"2018-02","Canada","2016A000011124","Total crops","Index, 2007=100","181","units ","0","v66449853","1.2","121.6","","","","1"
"2018-03","Canada","2016A000011124","Total crops","Index, 2007=100","181","units ","0","v66449853","1.2","123.8","","","","1"
"2018-04","Canada","2016A000011124","Total crops","Index, 2007=100","181","units ","0","v66449853","1.2","125.1","","","","1"
"2018-05","Canada","2016A000011124","Total crops","Index, 2007=100","181","units ","0","v66449853","1.2","125.9","","","","1"
"2018-06","Canada","2016A000011124","Total crops","Index, 2007=100","181","units ","0","v66449853","1.2","126.6","","","","1"
"2018-07","Canada","2016A000011124","Total crops","Index, 2007=100","181","units ","0","v66449853","1.2","126.6","","","","1"
"2018-08","Canada","2016A000011124","Total crops","Index, 2007=100","181","units ","0","v66449853","1.2","125.5","","","","1"
"2018-09","Canada","2016A000011124","Total crops","Index, 2007=100","181","units ","0","v66449853","1.2","122.3","","","","1"
"2018-10","Canada","2016A000011124","Total crops","Index, 2007=100","181","units ","0","v66449853","1.2","121.1","","","","1"
"2018-11","Canada","2016A000011124","Total crops","Index, 2007=100","181","units ","0","v66449853","1.2","121.1","","","","1"
"2018-12","Canada","2016A000011124","Total crops","Index, 2007=100","181","units ","0","v66449853","1.2","121.5","","","","1"
"2016-01","Canada","2016A000011124","Grains [A11]","Index, 2007=100","181","units ","0","v66449854","1.3","110.0","","","","1"
"2016-02","Canada","2016A000011124","Grains [A11]","Index, 2007=100","181","units ","0","v66449854","1.3","109.2","","","","1"
"2016-03","Canada","2016A000011124","Grains [A11]","Index, 2007=100","181","units ","0","v66449854","1.3","109.8","","","","1"
"2016-04","Canada","2016A000011124","Grains [A11]","Index, 2007=100","181","units ","0","v66449854","1.3","108.7","","","","1"
"2016-05","Canada","2016A000011124","Grains [A11]","Index, 2007=100","181","units ","0","v66449854","1.3","111.0","","","","1"
"2016-06","Canada","2016A000011124","Grains [A11]","Index, 2007=100","181","units ","0","v66449854","1.3","110.0","","","","1"
"2016-07","Canada","2016A000011124","Grains [A11]","Index, 2007=100","181","units ","0","v66449854","1.3","105.5","","","","1"
"2016-08","Canada","2016A000011124","Grains [A11]","Index, 2007=100","181","units ","0","v66449854","1.3","97.8","","","","1"
"2016-09","Canada","2016A000011124","Grains [A11]","Index, 2007=100","181","units ","0","v66449854","1.3","96.8","","","","1"
"2016-10","Canada","2016A000011124","Grains [A11]","Index, 2007=100","181","units ","0","v66449854","1.3","99.3","","","","1"
"2016-11","Canada","2016A000011124","Grains [A11]","Index, 2007=100","181","units ","0","v66449854","1.3","101.8","","","","1"
"2016-12","Canada","2016A000011124","Grains [A11]","Index, 2007=100","181","units ","0","v66449854","1.3","102.7","","","","1"
"2017-01","Canada","2016A000011124","Grains [A11]","Index, 2007=100","181","units ","0","v66449854","1.3","102.2","","","","1"
"2017-02","Canada","2016A000011124","Grains [A11]","Index, 2007=100","181","units ","0","v66449854","1.3","100.7","","","","1"
"2017-03","Canada","2016A000011124","Grains [A11]","Index, 2007=100","181","units ","0","v66449854","1.3","102.4","","","","1"
"2017-04","Canada","2016A000011124","Grains [A11]","Index, 2007=100","181","units ","0","v66449854","1.3","100.9","","","","1"
"2017-05","Canada","2016A000011124","Grains [A11]","Index, 2007=100","181","units ","0","v66449854","1.3","102.7","","","","1"
"2017-06","Canada","2016A000011124","Grains [A11]","Index, 2007=100","181","units ","0","v66449854","1.3","104.8","","","","1"
"2017-07","Canada","2016A000011124","Grains [A11]","Index, 2007=100","181","units ","0","v66449854","1.3","108.8","","","","1"
"2017-08","Canada","2016A000011124","Grains [A11]","Index, 2007=100","181","units ","0","v66449854","1.3","107.8","","","","1"
"2017-09","Canada","2016A000011124","Grains [A11]","Index, 2007=100","181","units ","0","v66449854","1.3","109.1","","","","1"
"2017-10","Canada","2016A000011124","Grains [A11]","Index, 2007=100","181","units ","0","v66449854","1.3","108.3","","","","1"
"2017-11","Canada","2016A000011124","Grains [A11]","Index, 2007=100","181","units ","0","v66449854","1.3","108.0","","","","1"
"2017-12","Canada","2016A000011124","Grains [A11]","Index, 2007=100","181","units ","0","v66449854","1.3","108.1","","","","1"
"2018-01","Canada","2016A000011124","Grains [A11]","Index, 2007=100","181","units ","0","v66449854","1.3","108.0","","","","1"
"2018-02","Canada","2016A000011124","Grains [A11]","Index, 2007=100","181","units ","0","v66449854","1.3","107.2","","","","1"
"2018-03","Canada","2016A000011124","Grains [A11]","Index, 2007=100","181","units ","0","v66449854","1.3","109.3","","","","1"
"2018-04","Canada","2016A000011124","Grains [A11]","Index, 2007=100","181","units ","0","v66449854","1.3","109.6","","","","1"
"2018-05","Canada","2016A000011124","Grains [A11]","Index, 2007=100","181","units ","0","v66449854","1.3","110.0","","","","1"
"2018-06","Canada","2016A000011124","Grains [A11]","Index, 2007=100","181","units ","0","v66449854","1.3","110.7","","","","1"
"2018-07","Canada","2016A000011124","Grains [A11]","Index, 2007=100","181","units ","0","v66449854","1.3","109.2","","","","1"
"2018-08","Canada","2016A000011124","Grains [A11]","Index, 2007=100","181","units ","0","v66449854","1.3","113.5","","","","1"
"2018-09","Canada","2016A000011124","Grains [A11]","Index, 2007=100","181","units ","0","v66449854","1.3","111.2","","","","1"
"2018-10","Canada","2016A000011124","Grains [A11]","Index, 2007=100","181","units ","0","v66449854","1.3","109.7","","","","1"
"2018-11","Canada","2016A000011124","Grains [A11]","Index, 2007=100","181","units ","0","v66449854","1.3","109.4","","","","1"
"2018-12","Canada","2016A000011124","Grains [A11]","Index, 2007=100","181","units ","0","v66449854","1.3","110.5","","","","1"
"2016-01","Canada","2016A000011124","Oilseeds [A12]","Index, 2007=100","181","units ","0","v66449855","1.4","130.8","","","","1"
"2016-02","Canada","2016A000011124","Oilseeds [A12]","Index, 2007=100","181","units ","0","v66449855","1.4","131.0","","","","1"
"2016-03","Canada","2016A000011124","Oilseeds [A12]","Index, 2007=100","181","units ","0","v66449855","1.4","129.8","","","","1"
"2016-04","Canada","2016A000011124","Oilseeds [A12]","Index, 2007=100","181","units ","0","v66449855","1.4","131.6","","","","1"
"2016-05","Canada","2016A000011124","Oilseeds [A12]","Index, 2007=100","181","units ","0","v66449855","1.4","135.7","","","","1"
"2016-06","Canada","2016A000011124","Oilseeds [A12]","Index, 2007=100","181","units ","0","v66449855","1.4","137.2","","","","1"
"2016-07","Canada","2016A000011124","Oilseeds [A12]","Index, 2007=100","181","units ","0","v66449855","1.4","135.2","","","","1"
"2016-08","Canada","2016A000011124","Oilseeds [A12]","Index, 2007=100","181","units ","0","v66449855","1.4","131.4","","","","1"
"2016-09","Canada","2016A000011124","Oilseeds [A12]","Index, 2007=100","181","units ","0","v66449855","1.4","127.8","","","","1"
"2016-10","Canada","2016A000011124","Oilseeds [A12]","Index, 2007=100","181","units ","0","v66449855","1.4","131.9","","","","1"
"2016-11","Canada","2016A000011124","Oilseeds [A12]","Index, 2007=100","181","units ","0","v66449855","1.4","134.3","","","","1"
"2016-12","Canada","2016A000011124","Oilseeds [A12]","Index, 2007=100","181","units ","0","v66449855","1.4","135.8","","","","1"
"2017-01","Canada","2016A000011124","Oilseeds [A12]","Index, 2007=100","181","units ","0","v66449855","1.4","137.1","","","","1"
"2017-02","Canada","2016A000011124","Oilseeds [A12]","Index, 2007=100","181","units ","0","v66449855","1.4","139.1","","","","1"
"2017-03","Canada","2016A000011124","Oilseeds [A12]","Index, 2007=100","181","units ","0","v66449855","1.4","140.4","","","","1"
"2017-04","Canada","2016A000011124","Oilseeds [A12]","Index, 2007=100","181","units ","0","v66449855","1.4","141.3","","","","1"
"2017-05","Canada","2016A000011124","Oilseeds [A12]","Index, 2007=100","181","units ","0","v66449855","1.4","143.3","","","","1"
"2017-06","Canada","2016A000011124","Oilseeds [A12]","Index, 2007=100","181","units ","0","v66449855","1.4","142.7","","","","1"
"2017-07","Canada","2016A000011124","Oilseeds [A12]","Index, 2007=100","181","units ","0","v66449855","1.4","143.7","","","","1"
"2017-08","Canada","2016A000011124","Oilseeds [A12]","Index, 2007=100","181","units ","0","v66449855","1.4","140.9","","","","1"
"2017-09","Canada","2016A000011124","Oilseeds [A12]","Index, 2007=100","181","units ","0","v66449855","1.4","133.1","","","","1"
"2017-10","Canada","2016A000011124","Oilseeds [A12]","Index, 2007=100","181","units ","0","v66449855","1.4","133.0","","","","1"
"2017-11","Canada","2016A000011124","Oilseeds [A12]","Index, 2007=100","181","units ","0","v66449855","1.4","134.8","","","","1"
"2017-12","Canada","2016A000011124","Oilseeds [A12]","Index, 2007=100","181","units ","0","v66449855","1.4","136.5","","","","1"
"2018-01","Canada","2016A000011124","Oilseeds [A12]","Index, 2007=100","181","units ","0","v66449855","1.4","136.6","","","","1"
"2018-02","Canada","2016A000011124","Oilseeds [A12]","Index, 2007=100","181","units ","0","v66449855","1.4","137.7","","","","1"
"2018-03","Canada","2016A000011124","Oilseeds [A12]","Index, 2007=100","181","units ","0","v66449855","1.4","138.9","","","","1"
"2018-04","Canada","2016A000011124","Oilseeds [A12]","Index, 2007=100","181","units ","0","v66449855","1.4","140.7","","","","1"
"2018-05","Canada","2016A000011124","Oilseeds [A12]","Index, 2007=100","181","units ","0","v66449855","1.4","144.2","","","","1"
"2018-06","Canada","2016A000011124","Oilseeds [A12]","Index, 2007=100","181","units ","0","v66449855","1.4","143.9","","","","1"
"2018-07","Canada","2016A000011124","Oilseeds [A12]","Index, 2007=100","181","units ","0","v66449855","1.4","143.4","","","","1"
"2018-08","Canada","2016A000011124","Oilseeds [A12]","Index, 2007=100","181","units ","0","v66449855","1.4","138.9","","","","1"
"2018-09","Canada","2016A000011124","Oilseeds [A12]","Index, 2007=100","181","units ","0","v66449855","1.4","133.1","","","","1"
"2018-10","Canada","2016A000011124","Oilseeds [A12]","Index, 2007=100","181","units ","0","v66449855","1.4","133.6","","","","1"
"2018-11","Canada","2016A000011124","Oilseeds [A12]","Index, 2007=100","181","units ","0","v66449855","1.4","132.2","","","","1"
"2018-12","Canada","2016A000011124","Oilseeds [A12]","Index, 2007=100","181","units ","0","v66449855","1.4","132.2","","","","1"
"2016-01","Canada","2016A000011124","Specialty crops [A13]","Index, 2007=100","181","units ","0","v66449856","1.5","203.2","","","","1"
"2016-02","Canada","2016A000011124","Specialty crops [A13]","Index, 2007=100","181","units ","0","v66449856","1.5","205.7","","","","1"
"2016-03","Canada","2016A000011124","Specialty crops [A13]","Index, 2007=100","181","units ","0","v66449856","1.5","213.5","","","","1"
"2016-04","Canada","2016A000011124","Specialty crops [A13]","Index, 2007=100","181","units ","0","v66449856","1.5","215.1","","","","1"
"2016-05","Canada","2016A000011124","Specialty crops [A13]","Index, 2007=100","181","units ","0","v66449856","1.5","222.3","","","","1"
"2016-06","Canada","2016A000011124","Specialty crops [A13]","Index, 2007=100","181","units ","0","v66449856","1.5","210.1","","","","1"
"2016-07","Canada","2016A000011124","Specialty crops [A13]","Index, 2007=100","181","units ","0","v66449856","1.5","182.7","","","","1"
"2016-08","Canada","2016A000011124","Specialty crops [A13]","Index, 2007=100","181","units ","0","v66449856","1.5","165.9","","","","1"
"2016-09","Canada","2016A000011124","Specialty crops [A13]","Index, 2007=100","181","units ","0","v66449856","1.5","160.6","","","","1"
"2016-10","Canada","2016A000011124","Specialty crops [A13]","Index, 2007=100","181","units ","0","v66449856","1.5","157.7","","","","1"
"2016-11","Canada","2016A000011124","Specialty crops [A13]","Index, 2007=100","181","units ","0","v66449856","1.5","159.7","","","","1"
"2016-12","Canada","2016A000011124","Specialty crops [A13]","Index, 2007=100","181","units ","0","v66449856","1.5","164.4","","","","1"
"2017-01","Canada","2016A000011124","Specialty crops [A13]","Index, 2007=100","181","units ","0","v66449856","1.5","161.6","","","","1"
"2017-02","Canada","2016A000011124","Specialty crops [A13]","Index, 2007=100","181","units ","0","v66449856","1.5","163.1","","","","1"
"2017-03","Canada","2016A000011124","Specialty crops [A13]","Index, 2007=100","181","units ","0","v66449856","1.5","149.7","","","","1"
"2017-04","Canada","2016A000011124","Specialty crops [A13]","Index, 2007=100","181","units ","0","v66449856","1.5","147.4","","","","1"
"2017-05","Canada","2016A000011124","Specialty crops [A13]","Index, 2007=100","181","units ","0","v66449856","1.5","149.0","","","","1"
"2017-06","Canada","2016A000011124","Specialty crops [A13]","Index, 2007=100","181","units ","0","v66449856","1.5","149.6","","","","1"
"2017-07","Canada","2016A000011124","Specialty crops [A13]","Index, 2007=100","181","units ","0","v66449856","1.5","149.6","","","","1"
"2017-08","Canada","2016A000011124","Specialty crops [A13]","Index, 2007=100","181","units ","0","v66449856","1.5","144.8","","","","1"
"2017-09","Canada","2016A000011124","Specialty crops [A13]","Index, 2007=100","181","units ","0","v66449856","1.5","142.9","","","","1"
"2017-10","Canada","2016A000011124","Specialty crops [A13]","Index, 2007=100","181","units ","0","v66449856","1.5","140.5","","","","1"
"2017-11","Canada","2016A000011124","Specialty crops [A13]","Index, 2007=100","181","units ","0","v66449856","1.5","136.9","","","","1"
"2017-12","Canada","2016A000011124","Specialty crops [A13]","Index, 2007=100","181","units ","0","v66449856","1.5","129.9","","","","1"
"2018-01","Canada","2016A000011124","Specialty crops [A13]","Index, 2007=100","181","units ","0","v66449856","1.5","118.9","","","","1"
"2018-02","Canada","2016A000011124","Specialty crops [A13]","Index, 2007=100","181","units ","0","v66449856","1.5","113.9","","","","1"
"2018-03","Canada","2016A000011124","Specialty crops [A13]","Index, 2007=100","181","units ","0","v66449856","1.5","118.0","","","","1"
"2018-04","Canada","2016A000011124","Specialty crops [A13]","Index, 2007=100","181","units ","0","v66449856","1.5","114.7","","","","1"
"2018-05","Canada","2016A000011124","Specialty crops [A13]","Index, 2007=100","181","units ","0","v66449856","1.5","114.3","","","","1"
"2018-06","Canada","2016A000011124","Specialty crops [A13]","Index, 2007=100","181","units ","0","v66449856","1.5","113.7","","","","1"
"2018-07","Canada","2016A000011124","Specialty crops [A13]","Index, 2007=100","181","units ","0","v66449856","1.5","111.3","","","","1"
"2018-08","Canada","2016A000011124","Specialty crops [A13]","Index, 2007=100","181","units ","0","v66449856","1.5","107.0","","","","1"
"2018-09","Canada","2016A000011124","Specialty crops [A13]","Index, 2007=100","181","units ","0","v66449856","1.5","106.3","","","","1"
"2018-10","Canada","2016A000011124","Specialty crops [A13]","Index, 2007=100","181","units ","0","v66449856","1.5","107.0","","","","1"
"2018-11","Canada","2016A000011124","Specialty crops [A13]","Index, 2007=100","181","units ","0","v66449856","1.5","102.9","","","","1"
"2018-12","Canada","2016A000011124","Specialty crops [A13]","Index, 2007=100","181","units ","0","v66449856","1.5","105.3","","","","1"
"2016-01","Canada","2016A000011124","Fresh fruit [A14]","Index, 2007=100","181","units ","0","v66449857","1.6","112.0","","","","1"
"2016-02","Canada","2016A000011124","Fresh fruit [A14]","Index, 2007=100","181","units ","0","v66449857","1.6","114.8","","","","1"
"2016-03","Canada","2016A000011124","Fresh fruit [A14]","Index, 2007=100","181","units ","0","v66449857","1.6","111.9","","","","1"
"2016-04","Canada","2016A000011124","Fresh fruit [A14]","Index, 2007=100","181","units ","0","v66449857","1.6","114.7","","","","1"
"2016-05","Canada","2016A000011124","Fresh fruit [A14]","Index, 2007=100","181","units ","0","v66449857","1.6","113.4","","","","1"
"2016-06","Canada","2016A000011124","Fresh fruit [A14]","Index, 2007=100","181","units ","0","v66449857","1.6","109.8","","","","1"
"2016-07","Canada","2016A000011124","Fresh fruit [A14]","Index, 2007=100","181","units ","0","v66449857","1.6","106.8","","","","1"
"2016-08","Canada","2016A000011124","Fresh fruit [A14]","Index, 2007=100","181","units ","0","v66449857","1.6","95.4","","","","1"
"2016-09","Canada","2016A000011124","Fresh fruit [A14]","Index, 2007=100","181","units ","0","v66449857","1.6","102.6","","","","1"
"2016-10","Canada","2016A000011124","Fresh fruit [A14]","Index, 2007=100","181","units ","0","v66449857","1.6","106.1","","","","1"
"2016-11","Canada","2016A000011124","Fresh fruit [A14]","Index, 2007=100","181","units ","0","v66449857","1.6","111.4","","","","1"
"2016-12","Canada","2016A000011124","Fresh fruit [A14]","Index, 2007=100","181","units ","0","v66449857","1.6","111.2","","","","1"
"2017-01","Canada","2016A000011124","Fresh fruit [A14]","Index, 2007=100","181","units ","0","v66449857","1.6","106.0","","","","1"
"2017-02","Canada","2016A000011124","Fresh fruit [A14]","Index, 2007=100","181","units ","0","v66449857","1.6","105.1","","","","1"
"2017-03","Canada","2016A000011124","Fresh fruit [A14]","Index, 2007=100","181","units ","0","v66449857","1.6","106.7","","","","1"
"2017-04","Canada","2016A000011124","Fresh fruit [A14]","Index, 2007=100","181","units ","0","v66449857","1.6","105.2","","","","1"
"2017-05","Canada","2016A000011124","Fresh fruit [A14]","Index, 2007=100","181","units ","0","v66449857","1.6","106.2","","","","1"
"2017-06","Canada","2016A000011124","Fresh fruit [A14]","Index, 2007=100","181","units ","0","v66449857","1.6","110.6","","","","1"
"2017-07","Canada","2016A000011124","Fresh fruit [A14]","Index, 2007=100","181","units ","0","v66449857","1.6","113.6","","","","1"
"2017-08","Canada","2016A000011124","Fresh fruit [A14]","Index, 2007=100","181","units ","0","v66449857","1.6","109.9","","","","1"
"2017-09","Canada","2016A000011124","Fresh fruit [A14]","Index, 2007=100","181","units ","0","v66449857","1.6","110.1","","","","1"
"2017-10","Canada","2016A000011124","Fresh fruit [A14]","Index, 2007=100","181","units ","0","v66449857","1.6","110.8","","","","1"
"2017-11","Canada","2016A000011124","Fresh fruit [A14]","Index, 2007=100","181","units ","0","v66449857","1.6","119.0","","","","1"
"2017-12","Canada","2016A000011124","Fresh fruit [A14]","Index, 2007=100","181","units ","0","v66449857","1.6","119.8","","","","1"
"2018-01","Canada","2016A000011124","Fresh fruit [A14]","Index, 2007=100","181","units ","0","v66449857","1.6","116.3","","","","1"
"2018-02","Canada","2016A000011124","Fresh fruit [A14]","Index, 2007=100","181","units ","0","v66449857","1.6","114.6","","","","1"
"2018-03","Canada","2016A000011124","Fresh fruit [A14]","Index, 2007=100","181","units ","0","v66449857","1.6","117.9","","","","1"
"2018-04","Canada","2016A000011124","Fresh fruit [A14]","Index, 2007=100","181","units ","0","v66449857","1.6","114.6","","","","1"
"2018-05","Canada","2016A000011124","Fresh fruit [A14]","Index, 2007=100","181","units ","0","v66449857","1.6","114.5","","","","1"
"2018-06","Canada","2016A000011124","Fresh fruit [A14]","Index, 2007=100","181","units ","0","v66449857","1.6","114.2","","","","1"
"2018-07","Canada","2016A000011124","Fresh fruit [A14]","Index, 2007=100","181","units ","0","v66449857","1.6","115.7","","","","1"
"2018-08","Canada","2016A000011124","Fresh fruit [A14]","Index, 2007=100","181","units ","0","v66449857","1.6","123.2","","","","1"
"2018-09","Canada","2016A000011124","Fresh fruit [A14]","Index, 2007=100","181","units ","0","v66449857","1.6","118.9","","","","1"
"2018-10","Canada","2016A000011124","Fresh fruit [A14]","Index, 2007=100","181","units ","0","v66449857","1.6","114.0","","","","1"
"2018-11","Canada","2016A000011124","Fresh fruit [A14]","Index, 2007=100","181","units ","0","v66449857","1.6","113.0","","","","1"
"2018-12","Canada","2016A000011124","Fresh fruit [A14]","Index, 2007=100","181","units ","0","v66449857","1.6","112.4","","","","1"
"2016-01","Canada","2016A000011124","Fresh vegetables (except potatoes and pulse crops) [A15]","Index, 2007=100","181","units ","0","v66449858","1.7","140.1","","","","1"
"2016-02","Canada","2016A000011124","Fresh vegetables (except potatoes and pulse crops) [A15]","Index, 2007=100","181","units ","0","v66449858","1.7","140.0","","","","1"
"2016-03","Canada","2016A000011124","Fresh vegetables (except potatoes and pulse crops) [A15]","Index, 2007=100","181","units ","0","v66449858","1.7","139.1","","","","1"
"2016-04","Canada","2016A000011124","Fresh vegetables (except potatoes and pulse crops) [A15]","Index, 2007=100","181","units ","0","v66449858","1.7","136.9","","","","1"
"2016-05","Canada","2016A000011124","Fresh vegetables (except potatoes and pulse crops) [A15]","Index, 2007=100","181","units ","0","v66449858","1.7","135.9","","","","1"
"2016-06","Canada","2016A000011124","Fresh vegetables (except potatoes and pulse crops) [A15]","Index, 2007=100","181","units ","0","v66449858","1.7","137.5","","","","1"
"2016-07","Canada","2016A000011124","Fresh vegetables (except potatoes and pulse crops) [A15]","Index, 2007=100","181","units ","0","v66449858","1.7","134.9","","","","1"
"2016-08","Canada","2016A000011124","Fresh vegetables (except potatoes and pulse crops) [A15]","Index, 2007=100","181","units ","0","v66449858","1.7","134.3","","","","1"
"2016-09","Canada","2016A000011124","Fresh vegetables (except potatoes and pulse crops) [A15]","Index, 2007=100","181","units ","0","v66449858","1.7","134.5","","","","1"
"2016-10","Canada","2016A000011124","Fresh vegetables (except potatoes and pulse crops) [A15]","Index, 2007=100","181","units ","0","v66449858","1.7","134.3","","","","1"
"2016-11","Canada","2016A000011124","Fresh vegetables (except potatoes and pulse crops) [A15]","Index, 2007=100","181","units ","0","v66449858","1.7","136.1","","","","1"
"2016-12","Canada","2016A000011124","Fresh vegetables (except potatoes and pulse crops) [A15]","Index, 2007=100","181","units ","0","v66449858","1.7","141.0","","","","1"
"2017-01","Canada","2016A000011124","Fresh vegetables (except potatoes and pulse crops) [A15]","Index, 2007=100","181","units ","0","v66449858","1.7","138.5","","","","1"
"2017-02","Canada","2016A000011124","Fresh vegetables (except potatoes and pulse crops) [A15]","Index, 2007=100","181","units ","0","v66449858","1.7","137.9","","","","1"
"2017-03","Canada","2016A000011124","Fresh vegetables (except potatoes and pulse crops) [A15]","Index, 2007=100","181","units ","0","v66449858","1.7","138.0","","","","1"
"2017-04","Canada","2016A000011124","Fresh vegetables (except potatoes and pulse crops) [A15]","Index, 2007=100","181","units ","0","v66449858","1.7","138.7","","","","1"
"2017-05","Canada","2016A000011124","Fresh vegetables (except potatoes and pulse crops) [A15]","Index, 2007=100","181","units ","0","v66449858","1.7","139.6","","","","1"
"2017-06","Canada","2016A000011124","Fresh vegetables (except potatoes and pulse crops) [A15]","Index, 2007=100","181","units ","0","v66449858","1.7","140.1","","","","1"
"2017-07","Canada","2016A000011124","Fresh vegetables (except potatoes and pulse crops) [A15]","Index, 2007=100","181","units ","0","v66449858","1.7","140.4","","","","1"
"2017-08","Canada","2016A000011124","Fresh vegetables (except potatoes and pulse crops) [A15]","Index, 2007=100","181","units ","0","v66449858","1.7","140.5","","","","1"
"2017-09","Canada","2016A000011124","Fresh vegetables (except potatoes and pulse crops) [A15]","Index, 2007=100","181","units ","0","v66449858","1.7","141.1","","","","1"
"2017-10","Canada","2016A000011124","Fresh vegetables (except potatoes and pulse crops) [A15]","Index, 2007=100","181","units ","0","v66449858","1.7","140.3","","","","1"
"2017-11","Canada","2016A000011124","Fresh vegetables (except potatoes and pulse crops) [A15]","Index, 2007=100","181","units ","0","v66449858","1.7","140.5","","","","1"
"2017-12","Canada","2016A000011124","Fresh vegetables (except potatoes and pulse crops) [A15]","Index, 2007=100","181","units ","0","v66449858","1.7","139.6","","","","1"
"2018-01","Canada","2016A000011124","Fresh vegetables (except potatoes and pulse crops) [A15]","Index, 2007=100","181","units ","0","v66449858","1.7","140.7","","","","1"
"2018-02","Canada","2016A000011124","Fresh vegetables (except potatoes and pulse crops) [A15]","Index, 2007=100","181","units ","0","v66449858","1.7","140.5","","","","1"
"2018-03","Canada","2016A000011124","Fresh vegetables (except potatoes and pulse crops) [A15]","Index, 2007=100","181","units ","0","v66449858","1.7","141.1","","","","1"
"2018-04","Canada","2016A000011124","Fresh vegetables (except potatoes and pulse crops) [A15]","Index, 2007=100","181","units ","0","v66449858","1.7","141.8","","","","1"
"2018-05","Canada","2016A000011124","Fresh vegetables (except potatoes and pulse crops) [A15]","Index, 2007=100","181","units ","0","v66449858","1.7","141.9","","","","1"
"2018-06","Canada","2016A000011124","Fresh vegetables (except potatoes and pulse crops) [A15]","Index, 2007=100","181","units ","0","v66449858","1.7","142.3","","","","1"
"2018-07","Canada","2016A000011124","Fresh vegetables (except potatoes and pulse crops) [A15]","Index, 2007=100","181","units ","0","v66449858","1.7","142.9","","","","1"
"2018-08","Canada","2016A000011124","Fresh vegetables (except potatoes and pulse crops) [A15]","Index, 2007=100","181","units ","0","v66449858","1.7","143.5","","","","1"
"2018-09","Canada","2016A000011124","Fresh vegetables (except potatoes and pulse crops) [A15]","Index, 2007=100","181","units ","0","v66449858","1.7","144.2","","","","1"
"2018-10","Canada","2016A000011124","Fresh vegetables (except potatoes and pulse crops) [A15]","Index, 2007=100","181","units ","0","v66449858","1.7","145.2","","","","1"
"2018-11","Canada","2016A000011124","Fresh vegetables (except potatoes and pulse crops) [A15]","Index, 2007=100","181","units ","0","v66449858","1.7","144.5","","","","1"
"2018-12","Canada","2016A000011124","Fresh vegetables (except potatoes and pulse crops) [A15]","Index, 2007=100","181","units ","0","v66449858","1.7","143.9","","","","1"
"2016-01","Canada","2016A000011124","Fresh potatoes [A16]","Index, 2007=100","181","units ","0","v66449859","1.8","136.2","","","","1"
"2016-02","Canada","2016A000011124","Fresh potatoes [A16]","Index, 2007=100","181","units ","0","v66449859","1.8","134.9","","","","1"
"2016-03","Canada","2016A000011124","Fresh potatoes [A16]","Index, 2007=100","181","units ","0","v66449859","1.8","139.5","","","","1"
"2016-04","Canada","2016A000011124","Fresh potatoes [A16]","Index, 2007=100","181","units ","0","v66449859","1.8","141.6","","","","1"
"2016-05","Canada","2016A000011124","Fresh potatoes [A16]","Index, 2007=100","181","units ","0","v66449859","1.8","142.1","","","","1"
"2016-06","Canada","2016A000011124","Fresh potatoes [A16]","Index, 2007=100","181","units ","0","v66449859","1.8","144.6","","","","1"
"2016-07","Canada","2016A000011124","Fresh potatoes [A16]","Index, 2007=100","181","units ","0","v66449859","1.8","155.0","","","","1"
"2016-08","Canada","2016A000011124","Fresh potatoes [A16]","Index, 2007=100","181","units ","0","v66449859","1.8","168.7","","","","1"
"2016-09","Canada","2016A000011124","Fresh potatoes [A16]","Index, 2007=100","181","units ","0","v66449859","1.8","150.9","","","","1"
"2016-10","Canada","2016A000011124","Fresh potatoes [A16]","Index, 2007=100","181","units ","0","v66449859","1.8","134.5","","","","1"
"2016-11","Canada","2016A000011124","Fresh potatoes [A16]","Index, 2007=100","181","units ","0","v66449859","1.8","138.3","","","","1"
"2016-12","Canada","2016A000011124","Fresh potatoes [A16]","Index, 2007=100","181","units ","0","v66449859","1.8","141.7","","","","1"
"2017-01","Canada","2016A000011124","Fresh potatoes [A16]","Index, 2007=100","181","units ","0","v66449859","1.8","144.6","","","","1"
"2017-02","Canada","2016A000011124","Fresh potatoes [A16]","Index, 2007=100","181","units ","0","v66449859","1.8","145.1","","","","1"
"2017-03","Canada","2016A000011124","Fresh potatoes [A16]","Index, 2007=100","181","units ","0","v66449859","1.8","147.1","","","","1"
"2017-04","Canada","2016A000011124","Fresh potatoes [A16]","Index, 2007=100","181","units ","0","v66449859","1.8","147.2","","","","1"
"2017-05","Canada","2016A000011124","Fresh potatoes [A16]","Index, 2007=100","181","units ","0","v66449859","1.8","148.4","","","","1"
"2017-06","Canada","2016A000011124","Fresh potatoes [A16]","Index, 2007=100","181","units ","0","v66449859","1.8","151.1","","","","1"
"2017-07","Canada","2016A000011124","Fresh potatoes [A16]","Index, 2007=100","181","units ","0","v66449859","1.8","163.4","","","","1"
"2017-08","Canada","2016A000011124","Fresh potatoes [A16]","Index, 2007=100","181","units ","0","v66449859","1.8","181.7","","","","1"
"2017-09","Canada","2016A000011124","Fresh potatoes [A16]","Index, 2007=100","181","units ","0","v66449859","1.8","157.3","","","","1"
"2017-10","Canada","2016A000011124","Fresh potatoes [A16]","Index, 2007=100","181","units ","0","v66449859","1.8","141.7","","","","1"
"2017-11","Canada","2016A000011124","Fresh potatoes [A16]","Index, 2007=100","181","units ","0","v66449859","1.8","145.6","","","","1"
"2017-12","Canada","2016A000011124","Fresh potatoes [A16]","Index, 2007=100","181","units ","0","v66449859","1.8","146.5","","","","1"
"2018-01","Canada","2016A000011124","Fresh potatoes [A16]","Index, 2007=100","181","units ","0","v66449859","1.8","144.5","","","","1"
"2018-02","Canada","2016A000011124","Fresh potatoes [A16]","Index, 2007=100","181","units ","0","v66449859","1.8","144.8","","","","1"
"2018-03","Canada","2016A000011124","Fresh potatoes [A16]","Index, 2007=100","181","units ","0","v66449859","1.8","148.7","","","","1"
"2018-04","Canada","2016A000011124","Fresh potatoes [A16]","Index, 2007=100","181","units ","0","v66449859","1.8","149.7","","","","1"
"2018-05","Canada","2016A000011124","Fresh potatoes [A16]","Index, 2007=100","181","units ","0","v66449859","1.8","149.8","","","","1"
"2018-06","Canada","2016A000011124","Fresh potatoes [A16]","Index, 2007=100","181","units ","0","v66449859","1.8","152.8","","","","1"
"2018-07","Canada","2016A000011124","Fresh potatoes [A16]","Index, 2007=100","181","units ","0","v66449859","1.8","164.2","","","","1"
"2018-08","Canada","2016A000011124","Fresh potatoes [A16]","Index, 2007=100","181","units ","0","v66449859","1.8","188.3","","","","1"
"2018-09","Canada","2016A000011124","Fresh potatoes [A16]","Index, 2007=100","181","units ","0","v66449859","1.8","162.4","","","","1"
"2018-10","Canada","2016A000011124","Fresh potatoes [A16]","Index, 2007=100","181","units ","0","v66449859","1.8","146.9","","","","1"
"2018-11","Canada","2016A000011124","Fresh potatoes [A16]","Index, 2007=100","181","units ","0","v66449859","1.8","150.2","","","","1"
"2018-12","Canada","2016A000011124","Fresh potatoes [A16]","Index, 2007=100","181","units ","0","v66449859","1.8","152.3","","","","1"
"2016-01","Canada","2016A000011124","Total livestock and animal products","Index, 2007=100","181","units ","0","v66449860","1.9","144.9","","","","1"
"2016-02","Canada","2016A000011124","Total livestock and animal products","Index, 2007=100","181","units ","0","v66449860","1.9","145.6","","","","1"
"2016-03","Canada","2016A000011124","Total livestock and animal products","Index, 2007=100","181","units ","0","v66449860","1.9","147.1","","","","1"
"2016-04","Canada","2016A000011124","Total livestock and animal products","Index, 2007=100","181","units ","0","v66449860","1.9","143.2","","","","1"
"2016-05","Canada","2016A000011124","Total livestock and animal products","Index, 2007=100","181","units ","0","v66449860","1.9","145.9","","","","1"
"2016-06","Canada","2016A000011124","Total livestock and animal products","Index, 2007=100","181","units ","0","v66449860","1.9","146.2","","","","1"
"2016-07","Canada","2016A000011124","Total livestock and animal products","Index, 2007=100","181","units ","0","v66449860","1.9","142.8","","","","1"
"2016-08","Canada","2016A000011124","Total livestock and animal products","Index, 2007=100","181","units ","0","v66449860","1.9","138.5","","","","1"
"2016-09","Canada","2016A000011124","Total livestock and animal products","Index, 2007=100","181","units ","0","v66449860","1.9","132.1","","","","1"
"2016-10","Canada","2016A000011124","Total livestock and animal products","Index, 2007=100","181","units ","0","v66449860","1.9","126.7","","","","1"
"2016-11","Canada","2016A000011124","Total livestock and animal products","Index, 2007=100","181","units ","0","v66449860","1.9","127.2","","","","1"
"2016-12","Canada","2016A000011124","Total livestock and animal products","Index, 2007=100","181","units ","0","v66449860","1.9","134.8","","","","1"
"2017-01","Canada","2016A000011124","Total livestock and animal products","Index, 2007=100","181","units ","0","v66449860","1.9","136.9","","","","1"
"2017-02","Canada","2016A000011124","Total livestock and animal products","Index, 2007=100","181","units ","0","v66449860","1.9","140.0","","","","1"
"2017-03","Canada","2016A000011124","Total livestock and animal products","Index, 2007=100","181","units ","0","v66449860","1.9","143.7","","","","1"
"2017-04","Canada","2016A000011124","Total livestock and animal products","Index, 2007=100","181","units ","0","v66449860","1.9","142.6","","","","1"
"2017-05","Canada","2016A000011124","Total livestock and animal products","Index, 2007=100","181","units ","0","v66449860","1.9","148.3","","","","1"
"2017-06","Canada","2016A000011124","Total livestock and animal products","Index, 2007=100","181","units ","0","v66449860","1.9","149.3","","","","1"
"2017-07","Canada","2016A000011124","Total livestock and animal products","Index, 2007=100","181","units ","0","v66449860","1.9","144.9","","","","1"
"2017-08","Canada","2016A000011124","Total livestock and animal products","Index, 2007=100","181","units ","0","v66449860","1.9","141.1","","","","1"
"2017-09","Canada","2016A000011124","Total livestock and animal products","Index, 2007=100","181","units ","0","v66449860","1.9","133.7","","","","1"
"2017-10","Canada","2016A000011124","Total livestock and animal products","Index, 2007=100","181","units ","0","v66449860","1.9","134.8","","","","1"
"2017-11","Canada","2016A000011124","Total livestock and animal products","Index, 2007=100","181","units ","0","v66449860","1.9","138.2","","","","1"
"2017-12","Canada","2016A000011124","Total livestock and animal products","Index, 2007=100","181","units ","0","v66449860","1.9","136.4","","","","1"
"2018-01","Canada","2016A000011124","Total livestock and animal products","Index, 2007=100","181","units ","0","v66449860","1.9","138.4","","","","1"
"2018-02","Canada","2016A000011124","Total livestock and animal products","Index, 2007=100","181","units ","0","v66449860","1.9","139.8","","","","1"
"2018-03","Canada","2016A000011124","Total livestock and animal products","Index, 2007=100","181","units ","0","v66449860","1.9","138.2","","","","1"
"2018-04","Canada","2016A000011124","Total livestock and animal products","Index, 2007=100","181","units ","0","v66449860","1.9","133.8","","","","1"
"2018-05","Canada","2016A000011124","Total livestock and animal products","Index, 2007=100","181","units ","0","v66449860","1.9","136.7","","","","1"
"2018-06","Canada","2016A000011124","Total livestock and animal products","Index, 2007=100","181","units ","0","v66449860","1.9","139.4","","","","1"
"2018-07","Canada","2016A000011124","Total livestock and animal products","Index, 2007=100","181","units ","0","v66449860","1.9","141.3","","","","1"
"2018-08","Canada","2016A000011124","Total livestock and animal products","Index, 2007=100","181","units ","0","v66449860","1.9","134.7","","","","1"
"2018-09","Canada","2016A000011124","Total livestock and animal products","Index, 2007=100","181","units ","0","v66449860","1.9","133.7","","","","1"
"2018-10","Canada","2016A000011124","Total livestock and animal products","Index, 2007=100","181","units ","0","v66449860","1.9","139.3","","","","1"
"2018-11","Canada","2016A000011124","Total livestock and animal products","Index, 2007=100","181","units ","0","v66449860","1.9","137.0","","","","1"
"2018-12","Canada","2016A000011124","Total livestock and animal products","Index, 2007=100","181","units ","0","v66449860","1.9","134.3","","","","1"
"2016-01","Canada","2016A000011124","Cattle and calves [A21]","Index, 2007=100","181","units ","0","v66449861","1.10","205.8","","","","1"
"2016-02","Canada","2016A000011124","Cattle and calves [A21]","Index, 2007=100","181","units ","0","v66449861","1.10","200.8","","","","1"
"2016-03","Canada","2016A000011124","Cattle and calves [A21]","Index, 2007=100","181","units ","0","v66449861","1.10","200.0","","","","1"
"2016-04","Canada","2016A000011124","Cattle and calves [A21]","Index, 2007=100","181","units ","0","v66449861","1.10","191.5","","","","1"
"2016-05","Canada","2016A000011124","Cattle and calves [A21]","Index, 2007=100","181","units ","0","v66449861","1.10","188.0","","","","1"
"2016-06","Canada","2016A000011124","Cattle and calves [A21]","Index, 2007=100","181","units ","0","v66449861","1.10","181.7","","","","1"
"2016-07","Canada","2016A000011124","Cattle and calves [A21]","Index, 2007=100","181","units ","0","v66449861","1.10","177.7","","","","1"
"2016-08","Canada","2016A000011124","Cattle and calves [A21]","Index, 2007=100","181","units ","0","v66449861","1.10","174.2","","","","1"
"2016-09","Canada","2016A000011124","Cattle and calves [A21]","Index, 2007=100","181","units ","0","v66449861","1.10","162.2","","","","1"
"2016-10","Canada","2016A000011124","Cattle and calves [A21]","Index, 2007=100","181","units ","0","v66449861","1.10","153.3","","","","1"
"2016-11","Canada","2016A000011124","Cattle and calves [A21]","Index, 2007=100","181","units ","0","v66449861","1.10","155.9","","","","1"
"2016-12","Canada","2016A000011124","Cattle and calves [A21]","Index, 2007=100","181","units ","0","v66449861","1.10","166.6","","","","1"
"2017-01","Canada","2016A000011124","Cattle and calves [A21]","Index, 2007=100","181","units ","0","v66449861","1.10","171.5","","","","1"
"2017-02","Canada","2016A000011124","Cattle and calves [A21]","Index, 2007=100","181","units ","0","v66449861","1.10","169.1","","","","1"
"2017-03","Canada","2016A000011124","Cattle and calves [A21]","Index, 2007=100","181","units ","0","v66449861","1.10","181.4","","","","1"
"2017-04","Canada","2016A000011124","Cattle and calves [A21]","Index, 2007=100","181","units ","0","v66449861","1.10","189.0","","","","1"
"2017-05","Canada","2016A000011124","Cattle and calves [A21]","Index, 2007=100","181","units ","0","v66449861","1.10","201.2","","","","1"
"2017-06","Canada","2016A000011124","Cattle and calves [A21]","Index, 2007=100","181","units ","0","v66449861","1.10","189.6","","","","1"
"2017-07","Canada","2016A000011124","Cattle and calves [A21]","Index, 2007=100","181","units ","0","v66449861","1.10","174.7","","","","1"
"2017-08","Canada","2016A000011124","Cattle and calves [A21]","Index, 2007=100","181","units ","0","v66449861","1.10","169.1","","","","1"
"2017-09","Canada","2016A000011124","Cattle and calves [A21]","Index, 2007=100","181","units ","0","v66449861","1.10","165.3","","","","1"
"2017-10","Canada","2016A000011124","Cattle and calves [A21]","Index, 2007=100","181","units ","0","v66449861","1.10","169.7","","","","1"
"2017-11","Canada","2016A000011124","Cattle and calves [A21]","Index, 2007=100","181","units ","0","v66449861","1.10","173.3","","","","1"
"2017-12","Canada","2016A000011124","Cattle and calves [A21]","Index, 2007=100","181","units ","0","v66449861","1.10","171.3","","","","1"
"2018-01","Canada","2016A000011124","Cattle and calves [A21]","Index, 2007=100","181","units ","0","v66449861","1.10","176.5","","","","1"
"2018-02","Canada","2016A000011124","Cattle and calves [A21]","Index, 2007=100","181","units ","0","v66449861","1.10","179.3","","","","1"
"2018-03","Canada","2016A000011124","Cattle and calves [A21]","Index, 2007=100","181","units ","0","v66449861","1.10","180.4","","","","1"
"2018-04","Canada","2016A000011124","Cattle and calves [A21]","Index, 2007=100","181","units ","0","v66449861","1.10","176.0","","","","1"
"2018-05","Canada","2016A000011124","Cattle and calves [A21]","Index, 2007=100","181","units ","0","v66449861","1.10","174.9","","","","1"
"2018-06","Canada","2016A000011124","Cattle and calves [A21]","Index, 2007=100","181","units ","0","v66449861","1.10","169.0","","","","1"
"2018-07","Canada","2016A000011124","Cattle and calves [A21]","Index, 2007=100","181","units ","0","v66449861","1.10","174.1","","","","1"
"2018-08","Canada","2016A000011124","Cattle and calves [A21]","Index, 2007=100","181","units ","0","v66449861","1.10","169.5","","","","1"
"2018-09","Canada","2016A000011124","Cattle and calves [A21]","Index, 2007=100","181","units ","0","v66449861","1.10","170.6","","","","1"
"2018-10","Canada","2016A000011124","Cattle and calves [A21]","Index, 2007=100","181","units ","0","v66449861","1.10","170.5","","","","1"
"2018-11","Canada","2016A000011124","Cattle and calves [A21]","Index, 2007=100","181","units ","0","v66449861","1.10","163.4","","","","1"
"2018-12","Canada","2016A000011124","Cattle and calves [A21]","Index, 2007=100","181","units ","0","v66449861","1.10","162.3","","","","1"
"2016-01","Canada","2016A000011124","Hogs [A22]","Index, 2007=100","181","units ","0","v66449862","1.11","126.7","","","","1"
"2016-02","Canada","2016A000011124","Hogs [A22]","Index, 2007=100","181","units ","0","v66449862","1.11","142.0","","","","1"
"2016-03","Canada","2016A000011124","Hogs [A22]","Index, 2007=100","181","units ","0","v66449862","1.11","138.0","","","","1"
"2016-04","Canada","2016A000011124","Hogs [A22]","Index, 2007=100","181","units ","0","v66449862","1.11","135.8","","","","1"
"2016-05","Canada","2016A000011124","Hogs [A22]","Index, 2007=100","181","units ","0","v66449862","1.11","151.2","","","","1"
"2016-06","Canada","2016A000011124","Hogs [A22]","Index, 2007=100","181","units ","0","v66449862","1.11","160.5","","","","1"
"2016-07","Canada","2016A000011124","Hogs [A22]","Index, 2007=100","181","units ","0","v66449862","1.11","155.8","","","","1"
"2016-08","Canada","2016A000011124","Hogs [A22]","Index, 2007=100","181","units ","0","v66449862","1.11","137.2","","","","1"
"2016-09","Canada","2016A000011124","Hogs [A22]","Index, 2007=100","181","units ","0","v66449862","1.11","126.6","","","","1"
"2016-10","Canada","2016A000011124","Hogs [A22]","Index, 2007=100","181","units ","0","v66449862","1.11","110.3","","","","1"
"2016-11","Canada","2016A000011124","Hogs [A22]","Index, 2007=100","181","units ","0","v66449862","1.11","106.3","","","","1"
"2016-12","Canada","2016A000011124","Hogs [A22]","Index, 2007=100","181","units ","0","v66449862","1.11","117.7","","","","1"
"2017-01","Canada","2016A000011124","Hogs [A22]","Index, 2007=100","181","units ","0","v66449862","1.11","130.6","","","","1"
"2017-02","Canada","2016A000011124","Hogs [A22]","Index, 2007=100","181","units ","0","v66449862","1.11","148.8","","","","1"
"2017-03","Canada","2016A000011124","Hogs [A22]","Index, 2007=100","181","units ","0","v66449862","1.11","149.8","","","","1"
"2017-04","Canada","2016A000011124","Hogs [A22]","Index, 2007=100","181","units ","0","v66449862","1.11","135.0","","","","1"
"2017-05","Canada","2016A000011124","Hogs [A22]","Index, 2007=100","181","units ","0","v66449862","1.11","148.0","","","","1"
"2017-06","Canada","2016A000011124","Hogs [A22]","Index, 2007=100","181","units ","0","v66449862","1.11","169.7","","","","1"
"2017-07","Canada","2016A000011124","Hogs [A22]","Index, 2007=100","181","units ","0","v66449862","1.11","176.1","","","","1"
"2017-08","Canada","2016A000011124","Hogs [A22]","Index, 2007=100","181","units ","0","v66449862","1.11","163.6","","","","1"
"2017-09","Canada","2016A000011124","Hogs [A22]","Index, 2007=100","181","units ","0","v66449862","1.11","128.2","","","","1"
"2017-10","Canada","2016A000011124","Hogs [A22]","Index, 2007=100","181","units ","0","v66449862","1.11","121.4","","","","1"
"2017-11","Canada","2016A000011124","Hogs [A22]","Index, 2007=100","181","units ","0","v66449862","1.11","135.9","","","","1"
"2017-12","Canada","2016A000011124","Hogs [A22]","Index, 2007=100","181","units ","0","v66449862","1.11","131.5","","","","1"
"2018-01","Canada","2016A000011124","Hogs [A22]","Index, 2007=100","181","units ","0","v66449862","1.11","137.8","","","","1"
"2018-02","Canada","2016A000011124","Hogs [A22]","Index, 2007=100","181","units ","0","v66449862","1.11","145.1","","","","1"
"2018-03","Canada","2016A000011124","Hogs [A22]","Index, 2007=100","181","units ","0","v66449862","1.11","134.5","","","","1"
"2018-04","Canada","2016A000011124","Hogs [A22]","Index, 2007=100","181","units ","0","v66449862","1.11","115.9","","","","1"
"2018-05","Canada","2016A000011124","Hogs [A22]","Index, 2007=100","181","units ","0","v66449862","1.11","132.5","","","","1"
"2018-06","Canada","2016A000011124","Hogs [A22]","Index, 2007=100","181","units ","0","v66449862","1.11","156.0","","","","1"
"2018-07","Canada","2016A000011124","Hogs [A22]","Index, 2007=100","181","units ","0","v66449862","1.11","157.7","","","","1"
"2018-08","Canada","2016A000011124","Hogs [A22]","Index, 2007=100","181","units ","0","v66449862","1.11","120.5","","","","1"
"2018-09","Canada","2016A000011124","Hogs [A22]","Index, 2007=100","181","units ","0","v66449862","1.11","111.7","","","","1"
"2018-10","Canada","2016A000011124","Hogs [A22]","Index, 2007=100","181","units ","0","v66449862","1.11","136.1","","","","1"
"2018-11","Canada","2016A000011124","Hogs [A22]","Index, 2007=100","181","units ","0","v66449862","1.11","131.1","","","","1"
"2018-12","Canada","2016A000011124","Hogs [A22]","Index, 2007=100","181","units ","0","v66449862","1.11","122.3","","","","1"
"2016-01","Canada","2016A000011124","Chickens, turkeys, chicks, poults [A23]","Index, 2007=100","181","units ","0","v66449863","1.12","122.1","","","","1"
"2016-02","Canada","2016A000011124","Chickens, turkeys, chicks, poults [A23]","Index, 2007=100","181","units ","0","v66449863","1.12","120.9","","","","1"
"2016-03","Canada","2016A000011124","Chickens, turkeys, chicks, poults [A23]","Index, 2007=100","181","units ","0","v66449863","1.12","121.2","","","","1"
"2016-04","Canada","2016A000011124","Chickens, turkeys, chicks, poults [A23]","Index, 2007=100","181","units ","0","v66449863","1.12","121.6","","","","1"
"2016-05","Canada","2016A000011124","Chickens, turkeys, chicks, poults [A23]","Index, 2007=100","181","units ","0","v66449863","1.12","121.2","","","","1"
"2016-06","Canada","2016A000011124","Chickens, turkeys, chicks, poults [A23]","Index, 2007=100","181","units ","0","v66449863","1.12","120.7","","","","1"
"2016-07","Canada","2016A000011124","Chickens, turkeys, chicks, poults [A23]","Index, 2007=100","181","units ","0","v66449863","1.12","122.4","","","","1"
"2016-08","Canada","2016A000011124","Chickens, turkeys, chicks, poults [A23]","Index, 2007=100","181","units ","0","v66449863","1.12","122.9","","","","1"
"2016-09","Canada","2016A000011124","Chickens, turkeys, chicks, poults [A23]","Index, 2007=100","181","units ","0","v66449863","1.12","123.7","","","","1"
"2016-10","Canada","2016A000011124","Chickens, turkeys, chicks, poults [A23]","Index, 2007=100","181","units ","0","v66449863","1.12","124.3","","","","1"
"2016-11","Canada","2016A000011124","Chickens, turkeys, chicks, poults [A23]","Index, 2007=100","181","units ","0","v66449863","1.12","120.1","","","","1"
"2016-12","Canada","2016A000011124","Chickens, turkeys, chicks, poults [A23]","Index, 2007=100","181","units ","0","v66449863","1.12","120.1","","","","1"
"2017-01","Canada","2016A000011124","Chickens, turkeys, chicks, poults [A23]","Index, 2007=100","181","units ","0","v66449863","1.12","119.4","","","","1"
"2017-02","Canada","2016A000011124","Chickens, turkeys, chicks, poults [A23]","Index, 2007=100","181","units ","0","v66449863","1.12","118.9","","","","1"
"2017-03","Canada","2016A000011124","Chickens, turkeys, chicks, poults [A23]","Index, 2007=100","181","units ","0","v66449863","1.12","119.4","","","","1"
"2017-04","Canada","2016A000011124","Chickens, turkeys, chicks, poults [A23]","Index, 2007=100","181","units ","0","v66449863","1.12","120.7","","","","1"
"2017-05","Canada","2016A000011124","Chickens, turkeys, chicks, poults [A23]","Index, 2007=100","181","units ","0","v66449863","1.12","121.5","","","","1"
"2017-06","Canada","2016A000011124","Chickens, turkeys, chicks, poults [A23]","Index, 2007=100","181","units ","0","v66449863","1.12","120.7","","","","1"
"2017-07","Canada","2016A000011124","Chickens, turkeys, chicks, poults [A23]","Index, 2007=100","181","units ","0","v66449863","1.12","120.1","","","","1"
"2017-08","Canada","2016A000011124","Chickens, turkeys, chicks, poults [A23]","Index, 2007=100","181","units ","0","v66449863","1.12","120.5","","","","1"
"2017-09","Canada","2016A000011124","Chickens, turkeys, chicks, poults [A23]","Index, 2007=100","181","units ","0","v66449863","1.12","120.5","","","","1"
"2017-10","Canada","2016A000011124","Chickens, turkeys, chicks, poults [A23]","Index, 2007=100","181","units ","0","v66449863","1.12","120.5","","","","1"
"2017-11","Canada","2016A000011124","Chickens, turkeys, chicks, poults [A23]","Index, 2007=100","181","units ","0","v66449863","1.12","120.6","","","","1"
"2017-12","Canada","2016A000011124","Chickens, turkeys, chicks, poults [A23]","Index, 2007=100","181","units ","0","v66449863","1.12","119.7","","","","1"
"2018-01","Canada","2016A000011124","Chickens, turkeys, chicks, poults [A23]","Index, 2007=100","181","units ","0","v66449863","1.12","118.0","","","","1"
"2018-02","Canada","2016A000011124","Chickens, turkeys, chicks, poults [A23]","Index, 2007=100","181","units ","0","v66449863","1.12","117.3","","","","1"
"2018-03","Canada","2016A000011124","Chickens, turkeys, chicks, poults [A23]","Index, 2007=100","181","units ","0","v66449863","1.12","117.6","","","","1"
"2018-04","Canada","2016A000011124","Chickens, turkeys, chicks, poults [A23]","Index, 2007=100","181","units ","0","v66449863","1.12","119.3","","","","1"
"2018-05","Canada","2016A000011124","Chickens, turkeys, chicks, poults [A23]","Index, 2007=100","181","units ","0","v66449863","1.12","121.7","","","","1"
"2018-06","Canada","2016A000011124","Chickens, turkeys, chicks, poults [A23]","Index, 2007=100","181","units ","0","v66449863","1.12","123.2","","","","1"
"2018-07","Canada","2016A000011124","Chickens, turkeys, chicks, poults [A23]","Index, 2007=100","181","units ","0","v66449863","1.12","125.5","","","","1"
"2018-08","Canada","2016A000011124","Chickens, turkeys, chicks, poults [A23]","Index, 2007=100","181","units ","0","v66449863","1.12","126.7","","","","1"
"2018-09","Canada","2016A000011124","Chickens, turkeys, chicks, poults [A23]","Index, 2007=100","181","units ","0","v66449863","1.12","124.4","","","","1"
"2018-10","Canada","2016A000011124","Chickens, turkeys, chicks, poults [A23]","Index, 2007=100","181","units ","0","v66449863","1.12","124.4","","","","1"
"2018-11","Canada","2016A000011124","Chickens, turkeys, chicks, poults [A23]","Index, 2007=100","181","units ","0","v66449863","1.12","123.6","","","","1"
"2018-12","Canada","2016A000011124","Chickens, turkeys, chicks, poults [A23]","Index, 2007=100","181","units ","0","v66449863","1.12","123.7","","","","1"
"2016-01","Canada","2016A000011124","Eggs in shell [A24]","Index, 2007=100","181","units ","0","v66449864","1.13","135.8","","","","1"
"2016-02","Canada","2016A000011124","Eggs in shell [A24]","Index, 2007=100","181","units ","0","v66449864","1.13","136.4","","","","1"
"2016-03","Canada","2016A000011124","Eggs in shell [A24]","Index, 2007=100","181","units ","0","v66449864","1.13","135.8","","","","1"
"2016-04","Canada","2016A000011124","Eggs in shell [A24]","Index, 2007=100","181","units ","0","v66449864","1.13","135.5","","","","1"
"2016-05","Canada","2016A000011124","Eggs in shell [A24]","Index, 2007=100","181","units ","0","v66449864","1.13","134.5","","","","1"
"2016-06","Canada","2016A000011124","Eggs in shell [A24]","Index, 2007=100","181","units ","0","v66449864","1.13","134.0","","","","1"
"2016-07","Canada","2016A000011124","Eggs in shell [A24]","Index, 2007=100","181","units ","0","v66449864","1.13","133.9","","","","1"
"2016-08","Canada","2016A000011124","Eggs in shell [A24]","Index, 2007=100","181","units ","0","v66449864","1.13","134.8","","","","1"
"2016-09","Canada","2016A000011124","Eggs in shell [A24]","Index, 2007=100","181","units ","0","v66449864","1.13","135.9","","","","1"
"2016-10","Canada","2016A000011124","Eggs in shell [A24]","Index, 2007=100","181","units ","0","v66449864","1.13","136.5","","","","1"
"2016-11","Canada","2016A000011124","Eggs in shell [A24]","Index, 2007=100","181","units ","0","v66449864","1.13","136.6","","","","1"
"2016-12","Canada","2016A000011124","Eggs in shell [A24]","Index, 2007=100","181","units ","0","v66449864","1.13","136.6","","","","1"
"2017-01","Canada","2016A000011124","Eggs in shell [A24]","Index, 2007=100","181","units ","0","v66449864","1.13","136.3","","","","1"
"2017-02","Canada","2016A000011124","Eggs in shell [A24]","Index, 2007=100","181","units ","0","v66449864","1.13","136.2","","","","1"
"2017-03","Canada","2016A000011124","Eggs in shell [A24]","Index, 2007=100","181","units ","0","v66449864","1.13","136.5","","","","1"
"2017-04","Canada","2016A000011124","Eggs in shell [A24]","Index, 2007=100","181","units ","0","v66449864","1.13","136.5","","","","1"
"2017-05","Canada","2016A000011124","Eggs in shell [A24]","Index, 2007=100","181","units ","0","v66449864","1.13","136.5","","","","1"
"2017-06","Canada","2016A000011124","Eggs in shell [A24]","Index, 2007=100","181","units ","0","v66449864","1.13","136.6","","","","1"
"2017-07","Canada","2016A000011124","Eggs in shell [A24]","Index, 2007=100","181","units ","0","v66449864","1.13","136.7","","","","1"
"2017-08","Canada","2016A000011124","Eggs in shell [A24]","Index, 2007=100","181","units ","0","v66449864","1.13","136.7","","","","1"
"2017-09","Canada","2016A000011124","Eggs in shell [A24]","Index, 2007=100","181","units ","0","v66449864","1.13","136.7","","","","1"
"2017-10","Canada","2016A000011124","Eggs in shell [A24]","Index, 2007=100","181","units ","0","v66449864","1.13","136.5","","","","1"
"2017-11","Canada","2016A000011124","Eggs in shell [A24]","Index, 2007=100","181","units ","0","v66449864","1.13","137.0","","","","1"
"2017-12","Canada","2016A000011124","Eggs in shell [A24]","Index, 2007=100","181","units ","0","v66449864","1.13","137.1","","","","1"
"2018-01","Canada","2016A000011124","Eggs in shell [A24]","Index, 2007=100","181","units ","0","v66449864","1.13","137.2","","","","1"
"2018-02","Canada","2016A000011124","Eggs in shell [A24]","Index, 2007=100","181","units ","0","v66449864","1.13","137.2","","","","1"
"2018-03","Canada","2016A000011124","Eggs in shell [A24]","Index, 2007=100","181","units ","0","v66449864","1.13","137.2","","","","1"
"2018-04","Canada","2016A000011124","Eggs in shell [A24]","Index, 2007=100","181","units ","0","v66449864","1.13","138.7","","","","1"
"2018-05","Canada","2016A000011124","Eggs in shell [A24]","Index, 2007=100","181","units ","0","v66449864","1.13","138.7","","","","1"
"2018-06","Canada","2016A000011124","Eggs in shell [A24]","Index, 2007=100","181","units ","0","v66449864","1.13","140.0","","","","1"
"2018-07","Canada","2016A000011124","Eggs in shell [A24]","Index, 2007=100","181","units ","0","v66449864","1.13","140.7","","","","1"
"2018-08","Canada","2016A000011124","Eggs in shell [A24]","Index, 2007=100","181","units ","0","v66449864","1.13","145.3","","","","1"
"2018-09","Canada","2016A000011124","Eggs in shell [A24]","Index, 2007=100","181","units ","0","v66449864","1.13","145.4","","","","1"
"2018-10","Canada","2016A000011124","Eggs in shell [A24]","Index, 2007=100","181","units ","0","v66449864","1.13","145.2","","","","1"
"2018-11","Canada","2016A000011124","Eggs in shell [A24]","Index, 2007=100","181","units ","0","v66449864","1.13","145.2","","","","1"
"2018-12","Canada","2016A000011124","Eggs in shell [A24]","Index, 2007=100","181","units ","0","v66449864","1.13","145.3","","","","1"
"2016-01","Canada","2016A000011124","Unprocessed milk [A25]","Index, 2007=100","181","units ","0","v66449865","1.14","104.5","","","","1"
"2016-02","Canada","2016A000011124","Unprocessed milk [A25]","Index, 2007=100","181","units ","0","v66449865","1.14","104.8","","","","1"
"2016-03","Canada","2016A000011124","Unprocessed milk [A25]","Index, 2007=100","181","units ","0","v66449865","1.14","106.7","","","","1"
"2016-04","Canada","2016A000011124","Unprocessed milk [A25]","Index, 2007=100","181","units ","0","v66449865","1.14","104.6","","","","1"
"2016-05","Canada","2016A000011124","Unprocessed milk [A25]","Index, 2007=100","181","units ","0","v66449865","1.14","106.0","","","","1"
"2016-06","Canada","2016A000011124","Unprocessed milk [A25]","Index, 2007=100","181","units ","0","v66449865","1.14","104.5","","","","1"
"2016-07","Canada","2016A000011124","Unprocessed milk [A25]","Index, 2007=100","181","units ","0","v66449865","1.14","101.1","","","","1"
"2016-08","Canada","2016A000011124","Unprocessed milk [A25]","Index, 2007=100","181","units ","0","v66449865","1.14","104.7","","","","1"
"2016-09","Canada","2016A000011124","Unprocessed milk [A25]","Index, 2007=100","181","units ","0","v66449865","1.14","108.4","","","","1"
"2016-10","Canada","2016A000011124","Unprocessed milk [A25]","Index, 2007=100","181","units ","0","v66449865","1.14","111.0","","","","1"
"2016-11","Canada","2016A000011124","Unprocessed milk [A25]","Index, 2007=100","181","units ","0","v66449865","1.14","111.1","","","","1"
"2016-12","Canada","2016A000011124","Unprocessed milk [A25]","Index, 2007=100","181","units ","0","v66449865","1.14","111.2","","","","1"
"2017-01","Canada","2016A000011124","Unprocessed milk [A25]","Index, 2007=100","181","units ","0","v66449865","1.14","107.3","","","","1"
"2017-02","Canada","2016A000011124","Unprocessed milk [A25]","Index, 2007=100","181","units ","0","v66449865","1.14","109.5","","","","1"
"2017-03","Canada","2016A000011124","Unprocessed milk [A25]","Index, 2007=100","181","units ","0","v66449865","1.14","107.8","","","","1"
"2017-04","Canada","2016A000011124","Unprocessed milk [A25]","Index, 2007=100","181","units ","0","v66449865","1.14","105.7","","","","1"
"2017-05","Canada","2016A000011124","Unprocessed milk [A25]","Index, 2007=100","181","units ","0","v66449865","1.14","106.0","","","","1"
"2017-06","Canada","2016A000011124","Unprocessed milk [A25]","Index, 2007=100","181","units ","0","v66449865","1.14","105.2","","","","1"
"2017-07","Canada","2016A000011124","Unprocessed milk [A25]","Index, 2007=100","181","units ","0","v66449865","1.14","104.4","","","","1"
"2017-08","Canada","2016A000011124","Unprocessed milk [A25]","Index, 2007=100","181","units ","0","v66449865","1.14","105.5","","","","1"
"2017-09","Canada","2016A000011124","Unprocessed milk [A25]","Index, 2007=100","181","units ","0","v66449865","1.14","106.3","","","","1"
"2017-10","Canada","2016A000011124","Unprocessed milk [A25]","Index, 2007=100","181","units ","0","v66449865","1.14","109.1","","","","1"
"2017-11","Canada","2016A000011124","Unprocessed milk [A25]","Index, 2007=100","181","units ","0","v66449865","1.14","108.0","","","","1"
"2017-12","Canada","2016A000011124","Unprocessed milk [A25]","Index, 2007=100","181","units ","0","v66449865","1.14","105.8","","","","1"
"2018-01","Canada","2016A000011124","Unprocessed milk [A25]","Index, 2007=100","181","units ","0","v66449865","1.14","105.1","","","","1"
"2018-02","Canada","2016A000011124","Unprocessed milk [A25]","Index, 2007=100","181","units ","0","v66449865","1.14","102.9","","","","1"
"2018-03","Canada","2016A000011124","Unprocessed milk [A25]","Index, 2007=100","181","units ","0","v66449865","1.14","102.1","","","","1"
"2018-04","Canada","2016A000011124","Unprocessed milk [A25]","Index, 2007=100","181","units ","0","v66449865","1.14","101.2","","","","1"
"2018-05","Canada","2016A000011124","Unprocessed milk [A25]","Index, 2007=100","181","units ","0","v66449865","1.14","101.2","","","","1"
"2018-06","Canada","2016A000011124","Unprocessed milk [A25]","Index, 2007=100","181","units ","0","v66449865","1.14","100.3","","","","1"
"2018-07","Canada","2016A000011124","Unprocessed milk [A25]","Index, 2007=100","181","units ","0","v66449865","1.14","101.1","","","","1"
"2018-08","Canada","2016A000011124","Unprocessed milk [A25]","Index, 2007=100","181","units ","0","v66449865","1.14","103.6","","","","1"
"2018-09","Canada","2016A000011124","Unprocessed milk [A25]","Index, 2007=100","181","units ","0","v66449865","1.14","108.2","","","","1"
"2018-10","Canada","2016A000011124","Unprocessed milk [A25]","Index, 2007=100","181","units ","0","v66449865","1.14","110.9","","","","1"
"2018-11","Canada","2016A000011124","Unprocessed milk [A25]","Index, 2007=100","181","units ","0","v66449865","1.14","114.0","","","","1"
"2018-12","Canada","2016A000011124","Unprocessed milk [A25]","Index, 2007=100","181","units ","0","v66449865","1.14","111.3","","","","1"


